初期設定,2022,,,
0,個人・法人（1:個人、2:法人）,1,2,
1,調査年,調査年,調査年,
1,センサス番号,センサス番号,センサス番号,
1,農政局,農政局,農政局,
1,都道府県,都道府県,都道府県,
1,実査設置拠点,実査設置拠点,実査設置拠点,
1,（共）調査年,Q00000101,Q00000101,
1,（共）営農類型,Q00000201,Q00000201,
1,（個）指定品目名,Q00000301,,
1,（個）調査票区分,Q00000501,,
1,（個）主副業区分,Q00000601,,
1,（共）2020センサス番号都道府県,Q00001001,Q00001001,
1,（共）2020センサス番号市区町村,Q00001002,Q00001002,
1,（共）2020センサス番号旧市区町村,Q00001003,Q00001003,
1,（共）2020センサス番号農業集落,Q00001004,Q00001004,
1,（共）2020センサス番号調査区,Q00001005,Q00001005,
1,（共）2020センサス番号客体番号,Q00001006,Q00001006,
1,（共）2015センサス番号都道府県,Q00002001,Q00002001,
1,（共）2015センサス番号市区町村,Q00002002,Q00002002,
1,（共）2015センサス番号旧市区町村,Q00002003,Q00002003,
1,（共）2015センサス番号農業集落,Q00002004,Q00002004,
1,（共）2015センサス番号調査区,Q00002005,Q00002005,
1,（共）2015センサス番号客体番号,Q00002006,Q00002006,
1,（法）法人番号,,Q00001201,
1,（個）青色申告を行っている,Q01010101,,
1,（法）家族による経営である,,Q01010101,
1,（共）認定農業者がいる,Q01010102,Q01010102,
1,（法）決算期間の期末月,,Q01010103,
1,（共）農業研修生の受け入れがある,Q01010103,Q01010104,
1,（法）法人化した年次（西暦）,,Q01010105,
1,（共）経営主性別,Q01010151,Q01010106,
1,（共）経営主年齢,Q01010152,Q01010107,
1,（個）直接販売を行っている,Q01010153,,
1,（個）農業生産関連事業を行っている,Q01010154,,
1,（法）集落営農である,,Q01010108,
1,（共）外国人技能実習生人数,Q01010104,Q01010109,
1,（共）日本人研修生人数,Q01010105,Q01010110,
1,（個）販売金額,Q02010101,,
1,（個）家事消費金額･事業消費金額,Q02010102,,
1,（個）雑収入,Q02010103,,
1,（個）小計,Q02010104,,
1,（個）農産物の棚卸高期首,Q02010105,,
1,（個）農産物の棚卸高期末,Q02010106,,
1,（個）収入計,Q02010107,,
1,（個）租税公課,Q02010108,,
1,（個）種苗費,Q02010109,,
1,（個）素畜費,Q02010110,,
1,（個）肥料費,Q02010111,,
1,（個）飼料費,Q02010112,,
1,（個）農具費,Q02010113,,
1,（個）農薬費・衛生費,Q02010114,,
1,（個）諸材料費,Q02010115,,
1,（個）修繕費,Q02010116,,
1,（個）動力光熱費,Q02010117,,
1,（個）作業用衣料費,Q02010118,,
1,（個）農業共済掛金,Q02010119,,
1,（個）減価償却費,Q02010120,,
1,（個）荷造運賃手数料,Q02010121,,
1,（個）雇人費,Q02010123,,
1,（個）利子割引料,Q02010124,,
1,（個）地代・賃借料,Q02010125,,
1,（個）土地改良費,Q02010126,,
1,（個）雑費,Q02010127,,
1,（個）小計,Q02010129,,
1,（個）農産物以外の棚卸高期首,Q02010130,,
1,（個）農産物以外の棚卸高期末,Q02010131,,
1,（個）経費から差し引く果樹牛馬等の育成費用,Q02010132,,
1,（個）経費合計,Q02010133,,
1,（個）農産物の棚卸高期首のうち指定品目の割合,Q02010205,,
1,（個）農産物の棚卸高期末のうち指定品目の割合,Q02010206,,
1,（個）種苗費のうち指定品目の割合,Q02010209,,
1,（個）肥料費のうち指定品目の割合,Q02010211,,
1,（個）農具費のうち指定品目の割合,Q02010213,,
1,（個）農薬費・衛生費のうち指定品目の割合,Q02010214,,
1,（個）諸材料費のうち指定品目の割合,Q02010215,,
1,（個）修繕費のうち指定品目の割合,Q02010216,,
1,（個）動力光熱費のうち指定品目の割合,Q02010217,,
1,（個）作業用衣料費のうち指定品目の割合,Q02010218,,
1,（個）減価償却費のうち指定品目の割合,Q02010220,,
1,（個）荷造運賃手数料のうち指定品目の割合,Q02010221,,
1,（個）雇人費のうち指定品目の割合,Q02010223,,
1,（個）利子割引料のうち指定品目の割合,Q02010224,,
1,（個）地代・賃借料のうち指定品目の割合,Q02010225,,
1,（個）土地改良費のうち指定品目の割合,Q02010226,,
1,（個）経費合計のうち指定品目の割合,Q02010233,,
1,（個）飼料費から、配合飼料価格安定制度における補てん金分を除いていますか,Q02010301,,
1,（個）貸倒引当金,Q02020101,,
1,（個）専従者給与,Q02020102,,
1,（法）売上高,,Q04010101,
1,（法）売上原価,,Q04010102,
1,（法）期首商品製品棚卸高,,Q04010103,
1,（法）当期商品仕入高,,Q04010104,
1,（法）当期製品製造原価,,Q04010105,
1,（法）生物売却原価,,Q04010106,
1,（法）期末商品製品棚卸高,,Q04010107,
1,（法）販売費及び一般管理費,,Q04010108,
1,（法）営業外収益,,Q04010301,
1,（法）営業外費用,,Q04010302,
1,（法）支払利子・割引料,,Q04010303,
1,（法）特別利益,,Q04010501,
1,（法）特別損失,,Q04010502,
1,（法）当期純利益,,Q04010503,
1,（法）期首商品製品棚卸高農業割合,,Q04010203,
1,（法）当期商品仕入高農業割合,,Q04010204,
1,（法）当期製品製造原価農業割合,,Q04010205,
1,（法）生物売却原価農業割合,,Q04010206,
1,（法）期末商品製品棚卸高農業割合,,Q04010207,
1,（法）支払利子・割引料農業割合,,Q04010403,
1,（法）「農業」のみ経営,,Q05010151,
1,（法）「農業」及び「農業生産関連事業」を経営,,Q05010152,
1,（法）「農業」、「農業生産関連事業」及び「その他の事業」を経営,,Q05010153,
1,（法）期首材料棚卸高,,Q05020101,
1,（法）種苗費,,Q05020102,
1,（法）素畜費,,Q05020103,
1,（法）肥料費,,Q05020104,
1,（法）飼料費,,Q05020105,
1,（法）農薬費,,Q05020106,
1,（法）敷料費,,Q05020107,
1,（法）燃油費,,Q05020108,
1,（法）諸材料費,,Q05020109,
1,（法）期末材料棚卸高,,Q05020110,
1,（法）労務費,,Q05020111,
1,（法）うち作業用衣料費,,Q05020112,
1,（法）作業委託費,,Q05020113,
1,（法）診療衛生費,,Q05020114,
1,（法）預託費,,Q05020115,
1,（法）ヘルパー利用費,,Q05020116,
1,（法）ほ場管理費,,Q05020117,
1,（法）期首材料棚卸高農業割合,,Q05020201,
1,（法）種苗費農業割合,,Q05020202,
1,（法）素畜費農業割合,,Q05020203,
1,（法）肥料費農業割合,,Q05020204,
1,（法）飼料費農業割合,,Q05020205,
1,（法）農薬費農業割合,,Q05020206,
1,（法）敷料費農業割合,,Q05020207,
1,（法）燃油費農業割合,,Q05020208,
1,（法）諸材料費農業割合,,Q05020209,
1,（法）期末材料棚卸高農業割合,,Q05020210,
1,（法）労務費農業割合,,Q05020211,
1,（法）うち作業用衣料費農業割合,,Q05020212,
1,（法）作業委託費農業割合,,Q05020213,
1,（法）診療衛生費農業割合,,Q05020214,
1,（法）預託費農業割合,,Q05020215,
1,（法）ヘルパー利用費農業割合,,Q05020216,
1,（法）ほ場管理費農業割合,,Q05020217,
1,（法）農具費,,Q05020118,
1,（法）修繕費,,Q05020119,
1,（法）動力光熱費,,Q05020120,
1,（法）共済掛金,,Q05020121,
1,（法）減価償却費,,Q05020122,
1,（法）賃借料・地代,,Q05020123,
1,（法）土地改良費,,Q05020124,
1,（法）租税公課,,Q05020125,
1,（法）製造経費その他,,Q05020126,
1,（法）仕掛品棚卸高増減,,Q05020127,
1,（法）育成費振替高,,Q05020128,
1,（法）人件費,,Q05020301,
1,（法）荷造運賃・販売手数料,,Q05020302,
1,（法）うち市場手数料,,Q05020303,
1,（法）交際費,,Q05020304,
1,（法）車両費・修繕費,,Q05020305,
1,（法）うち燃料費,,Q05020306,
1,（法）減価償却費,,Q05020307,
1,（法）地代家賃,,Q05020308,
1,（法）支払保険料,,Q05020309,
1,（法）租税公課・諸会費,,Q05020310,
1,（法）貸倒引当金繰入額,,Q05020311,
1,（法）動力光熱費,,Q05020312,
1,（法）販管費その他,,Q05020313,
1,（法）農具費農業割合,,Q05020218,
1,（法）修繕費農業割合,,Q05020219,
1,（法）動力光熱費農業割合,,Q05020220,
1,（法）共済掛金農業割合,,Q05020221,
1,（法）減価償却費農業割合,,Q05020222,
1,（法）賃借料・地代農業割合,,Q05020223,
1,（法）土地改良費農業割合,,Q05020224,
1,（法）租税公課農業割合,,Q05020225,
1,（法）製造経費その他農業割合,,Q05020226,
1,（法）仕掛品棚卸高増減農業割合,,Q05020227,
1,（法）育成費振替高農業割合,,Q05020228,
1,（法）人件費農業割合,,Q05020401,
1,（法）荷造運賃・販売手数料農業割合,,Q05020402,
1,（法）うち市場手数料農業割合,,Q05020403,
1,（法）交際費農業割合,,Q05020404,
1,（法）車両費・修繕費農業割合,,Q05020405,
1,（法）うち燃料費農業割合,,Q05020406,
1,（法）減価償却費農業割合,,Q05020407,
1,（法）地代家賃農業割合,,Q05020408,
1,（法）支払保険料農業割合,,Q05020409,
1,（法）租税公課・諸会費農業割合,,Q05020410,
1,（法）貸倒引当金繰入額農業割合,,Q05020411,
1,（法）動力光熱費農業割合,,Q05020412,
1,（法）販管費その他農業割合,,Q05020413,
1,（法）材料費_飼料費_配合飼料価格安定制度の補填金を、飼料費から控除していますか。,,Q05030305,
1,（個）（貸借対照表作成）任意勘定科目1名称,Q03010119,,
1,（個）（貸借対照表作成）任意勘定科目2名称,Q03010120,,
1,（個）（貸借対照表作成）任意勘定科目3名称,Q03010121,,
1,（個）（貸借対照表作成）任意勘定科目4名称,Q03010122,,
1,（個）（貸借対照表作成）任意勘定科目5名称,Q03010123,,
1,（個）（貸借対照表作成）現金,Q03010201,,
1,（個）（貸借対照表作成）普通預金,Q03010202,,
1,（個）（貸借対照表作成）定期預金,Q03010203,,
1,（個）（貸借対照表作成）その他の預金,Q03010204,,
1,（個）（貸借対照表作成）売掛金,Q03010205,,
1,（個）（貸借対照表作成）未収金,Q03010206,,
1,（個）（貸借対照表作成）有価証券,Q03010207,,
1,（個）（貸借対照表作成）農産物等,Q03010208,,
1,（個）（貸借対照表作成）未収穫農産物等,Q03010209,,
1,（個）（貸借対照表作成）未成熟の果樹育成中の牛馬等,Q03010210,,
1,（個）（貸借対照表作成）肥料その他の貯蔵品,Q03010211,,
1,（個）（貸借対照表作成）前払金,Q03010212,,
1,（個）（貸借対照表作成）貸付金,Q03010213,,
1,（個）（貸借対照表作成）建物・構築物,Q03010214,,
1,（個）（貸借対照表作成）農機具等,Q03010215,,
1,（個）（貸借対照表作成）果樹・牛馬等,Q03010216,,
1,（個）（貸借対照表作成）土地,Q03010217,,
1,（個）（貸借対照表作成）土地改良事業受益者負担金,Q03010218,,
1,（個）（貸借対照表作成）任意勘定科目1,Q03010219,,
1,（個）（貸借対照表作成）任意勘定科目2,Q03010220,,
1,（個）（貸借対照表作成）任意勘定科目3,Q03010221,,
1,（個）（貸借対照表作成）任意勘定科目4,Q03010222,,
1,（個）（貸借対照表作成）任意勘定科目5,Q03010223,,
1,（個）（貸借対照表作成）事業主貸,Q03010224,,
1,（個）（貸借対照表作成）資産合計,Q03010225,,
1,（個）（貸借対照表作成）任意勘定科目6名称,Q03010307,,
1,（個）（貸借対照表作成）任意勘定科目7名称,Q03010308,,
1,（個）（貸借対照表作成）任意勘定科目8名称,Q03010309,,
1,（個）（貸借対照表作成）任意勘定科目9名称,Q03010310,,
1,（個）（貸借対照表作成）任意勘定科目10名称,Q03010311,,
1,（個）（貸借対照表作成）任意勘定科目11名称,Q03010312,,
1,（個）（貸借対照表作成）任意勘定科目12名称,Q03010313,,
1,（個）（貸借対照表作成）任意勘定科目13名称,Q03010315,,
1,（個）（貸借対照表作成）任意勘定科目14名称,Q03010316,,
1,（個）（貸借対照表作成）任意勘定科目15名称,Q03010317,,
1,（個）（貸借対照表作成）任意勘定科目16名称,Q03010318,,
1,（個）（貸借対照表作成）任意勘定科目17名称,Q03010319,,
1,（個）（貸借対照表作成）任意勘定科目18名称,Q03010320,,
1,（個）（貸借対照表作成）任意勘定科目19名称,Q03010321,,
1,（個）（貸借対照表作成）買掛金,Q03010401,,
1,（個）（貸借対照表作成）短期借入金,Q03010402,,
1,（個）（貸借対照表作成）長期借入金,Q03010403,,
1,（個）（貸借対照表作成）未払金,Q03010404,,
1,（個）（貸借対照表作成）前受金,Q03010405,,
1,（個）（貸借対照表作成）預り金,Q03010406,,
1,（個）（貸借対照表作成）任意勘定科目6,Q03010407,,
1,（個）（貸借対照表作成）任意勘定科目7,Q03010408,,
1,（個）（貸借対照表作成）任意勘定科目8,Q03010409,,
1,（個）（貸借対照表作成）任意勘定科目9,Q03010410,,
1,（個）（貸借対照表作成）任意勘定科目10,Q03010411,,
1,（個）（貸借対照表作成）任意勘定科目11,Q03010412,,
1,（個）（貸借対照表作成）任意勘定科目12,Q03010413,,
1,（個）（貸借対照表作成）貸倒引当金,Q03010414,,
1,（個）（貸借対照表作成）任意勘定科目13,Q03010415,,
1,（個）（貸借対照表作成）任意勘定科目14,Q03010416,,
1,（個）（貸借対照表作成）任意勘定科目15,Q03010417,,
1,（個）（貸借対照表作成）任意勘定科目16,Q03010418,,
1,（個）（貸借対照表作成）任意勘定科目17,Q03010419,,
1,（個）（貸借対照表作成）任意勘定科目18,Q03010420,,
1,（個）（貸借対照表作成）任意勘定科目19,Q03010421,,
1,（個）（貸借対照表作成）事業主借,Q03010422,,
1,（個）（貸借対照表作成）元入金,Q03010423,,
1,（個）（貸借対照表作成）青色申告特別控除前の所得金額,Q03010424,,
1,（個）（貸借対照表作成）負債・資本合計,Q03010425,,
1,（個）（貸借対照表未作成）現金,Q03020101,,
1,（個）（貸借対照表未作成）預貯金等,Q03020102,,
1,（個）（貸借対照表未作成）普通預金,Q03020103,,
1,（個）（貸借対照表未作成）定期預金,Q03020104,,
1,（個）（貸借対照表未作成）その他の預金,Q03020105,,
1,（個）（貸借対照表未作成）有価証券,Q03020106,,
1,（個）（貸借対照表未作成）前払金,Q03020107,,
1,（個）（貸借対照表未作成）貸付金,Q03020108,,
1,（個）（貸借対照表未作成）売掛未収入金,Q03020109,,
1,（個）（貸借対照表未作成）売掛金,Q03020110,,
1,（個）（貸借対照表未作成）未収金,Q03020111,,
1,（個）（貸借対照表未作成）建物・構築物,Q03020112,,
1,（個）（貸借対照表未作成）農機具等,Q03020113,,
1,（個）（貸借対照表未作成）果樹・牛馬等,Q03020114,,
1,（個）（貸借対照表未作成）土地,Q03020115,,
1,（個）（貸借対照表未作成）貸付地,Q03020116,,
1,（個）（貸借対照表未作成）資産合計,Q03020117,,
1,（個）（貸借対照表未作成）流動負債,Q03020201,,
1,（個）（貸借対照表未作成）買掛金,Q03020202,,
1,（個）（貸借対照表未作成）短期借入金,Q03020203,,
1,（個）（貸借対照表未作成）未払金,Q03020204,,
1,（個）（貸借対照表未作成）前受金,Q03020205,,
1,（個）（貸借対照表未作成）預り金,Q03020206,,
1,（個）（貸借対照表未作成）長期借入金,Q03020207,,
1,（個）（貸借対照表未作成）負債合計,Q03020208,,
1,（個）（貸借対照表未作成）統計調査員使用欄,Q03020301,,
1,（法）資産計,,Q02010101,
1,（法）流動資産合計,,Q02010201,
1,（法）現金・預貯金,,Q02010202,
1,（法）売掛金,,Q02010203,
1,（法）有価証券,,Q02010204,
1,（法）棚卸資産,,Q02010205,
1,（法）棚卸資産うち農産物,,Q02010206,
1,（法）その他,,Q02010207,
1,（法）固定資産合計,,Q02010301,
1,（法）有形固定資産,,Q02010302,
1,（法）動物・植物,,Q02010303,
1,（法）自動車・農機具,,Q02010304,
1,（法）建物・構築物,,Q02010305,
1,（法）土地,,Q02010306,
1,（法）有形固定資産その他,,Q02010307,
1,（法）無形固定資産,,Q02010308,
1,（法）投資等,,Q02010309,
1,（法）繰延資産,,Q02010501,
1,（法）有形固定資産農業割合,,Q02010402,
1,（法）動物・植物農業割合,,Q02010403,
1,（法）自動車・農機具農業割合,,Q02010404,
1,（法）建物・構築物農業割合,,Q02010405,
1,（法）土地農業割合,,Q02010406,
1,（法）有形固定資産その他農業割合,,Q02010407,
1,（法）無形固定資産農業割合,,Q02010408,
1,（法）投資等農業割合,,Q02010409,
1,（法）負債計,,Q02020101,
1,（法）流動負債,,Q02020301,
1,（法）買掛金・未払金,,Q02020302,
1,（法）短期借入金,,Q02020303,
1,（法）流動負債その他,,Q02020304,
1,（法）固定負債,,Q02020401,
1,（法）長期借入金,,Q02020402,
1,（法）固定負債その他,,Q02020403,
1,（法）純資産,,Q02020501,
1,（法）資本金・出資金,,Q02020502,
1,（法）資本剰余金,,Q02020503,
1,（法）利益剰余金,,Q02020504,
1,（法）純資産その他,,Q02020505,
1,（法）負債計農業割合,,Q02020201,
1,（個）収入金額営業等,Q04010101,,
1,（個）収入金額農業,Q04010102,,
1,（個）収入金額不動産,Q04010103,,
1,（個）収入金額計,Q04010104,,
1,（個）所得金額営業等,Q04010105,,
1,（個）所得金額農業,Q04010106,,
1,（個）所得金額不動産,Q04010107,,
1,（個）所得金額計,Q04010108,,
1,（個）経費,Q04010109,,
1,（個）収入金額（山林）,Q04010201,,
1,（個）所得金額（山林）,Q04010202,,
1,（共）投資土地,Q05010101,Q03010101,
1,（共）投資建物・構築物,Q05010102,Q03010102,
1,（共）投資自動車・農機具,Q05010103,Q03010103,
1,（共）投資植物・牛馬,Q05010104,Q03010104,
1,（共）投資土地農業割合,Q05010201,Q03010201,
1,（共）投資建物・構築物農業割合,Q05010202,Q03010202,
1,（共）投資自動車・農機具農業割合,Q05010203,Q03010203,
1,（共）投資植物・牛馬農業割合,Q05010204,Q03010204,
1,（共）短期借入金,Q05020101,Q03020101,
1,（共）長期借入金,Q05020102,Q03020102,
1,（共）短期借入金農業割合,Q05020201,Q03020201,
1,（共）長期借入金農業割合,Q05020202,Q03020202,
1,（法）出資金額計,,Q03030102,
1,（法）出資者数個人,,Q03030201,
1,（法）出資金額個人,,Q03030202,
1,（法）出資者数個人うち非従事者,,Q03030301,
1,（法）出資金額個人うち非従事者,,Q03030302,
1,（法）出資者数農協・農協連合会,,Q03030401,
1,（法）出資金額農協・農協連合会,,Q03030402,
1,（法）出資者数関連会社,,Q03030501,
1,（法）出資金額関連会社,,Q03030502,
1,（法）出資者数その他団体,,Q03030601,
1,（法）出資金額その他団体,,Q03030602,
1,（共）納屋・倉庫面積,Q06010101,Q08010101,
1,（共）ガラス室面積,Q06010102,Q08010102,
1,（共）ハウス（ガラス室以外）面積,Q06010103,Q08010103,
1,（共）畜舎・鶏舎面積,Q06010104,Q08010104,
1,（法）給与支給額総計,,Q06010101,
1,（法）給与支給額有給役員,,Q06010201,
1,（法）給与支給額男有給役員,,Q06010202,
1,（法）給与支給額女有給役員,,Q06010203,
1,（法）給与支給額常用雇用者正社員・正職員,,Q06010301,
1,（法）給与支給額男常用雇用者正社員・正職員,,Q06010302,
1,（法）給与支給額女常用雇用者正社員・正職員,,Q06010303,
1,（法）給与支給額常用雇用者その他,,Q06010401,
1,（法）給与支給額男常用雇用者その他,,Q06010402,
1,（法）給与支給額女常用雇用者その他,,Q06010403,
1,（法）給与支給額臨時雇用者,,Q06010501,
1,（法）給与支給額男臨時雇用者,,Q06010502,
1,（法）給与支給額女臨時雇用者,,Q06010503,
1,（法）有給役員平均年齢男,,Q06020101,
1,（法）有給役員平均年齢女,,Q06020102,
1,（共）田経営面積,Q07010101,Q07010101,
1,（共）畑（普通畑）経営面積,Q07010102,Q07010102,
1,（共）樹園地経営面積,Q07010103,Q07010103,
1,（共）牧草地経営面積,Q07010104,Q07010104,
1,（共）採草放牧地経営面積,Q07010105,Q07010105,
1,（共）田借入地面積,Q07010201,Q07010201,
1,（共）畑（普通畑）借入地面積,Q07010202,Q07010202,
1,（共）樹園地借入地面積,Q07010203,Q07010203,
1,（共）牧草地借入地面積,Q07010204,Q07010204,
1,（共）貸付地（耕地）面積,Q07010301,Q07010301,
1,（共）水稲主食用米作付け延べ面積田,Q08010101,Q09010101,
1,（共）水稲加工用米作付け延べ面積田,Q08010102,Q09010102,
1,（共）水稲新規需要米等作付け延べ面積田,Q08010151,Q09010151,
1,（共）飼料用米作付け延べ面積田,Q08010104,Q09010104,
1,（共）ＷＣＳ用稲作付け延べ面積田,Q08010105,Q09010105,
1,（共）小麦作付け延べ面積田,Q08010106,Q09010106,
1,（共）二条大麦作付け延べ面積田,Q08010107,Q09010107,
1,（共）六条大麦作付け延べ面積田,Q08010108,Q09010108,
1,（共）はだか麦作付け延べ面積田,Q08010109,Q09010109,
1,（共）その他の麦作付け延べ面積田,Q08010110,Q09010110,
1,（共）そば作付け延べ面積田,Q08010111,Q09010111,
1,（共）大豆作付け延べ面積田,Q08010113,Q09010113,
1,（共）大豆以外作付け延べ面積田,Q08010114,Q09010114,
1,（共）かんしょ作付け延べ面積田,Q08010116,Q09010116,
1,（共）ばれいしょ作付け延べ面積田,Q08010117,Q09010117,
1,（共）てんさい作付け延べ面積田,Q08010118,Q09010118,
1,（共）さとうきび作付け延べ面積田,Q08010119,Q09010119,
1,（共）その他の工芸農作物作付け延べ面積田,Q08010120,Q09010120,
1,（共）飼料用作物作付け延べ面積田,Q08010121,Q09010121,
1,（共）その他作物その他作付け延べ面積田,Q08010122,Q09010122,
1,（共）陸稲作付け延べ面積畑,Q08010252,Q09010252,
1,（共）小麦作付け延べ面積畑,Q08010206,Q09010206,
1,（共）二条大麦作付け延べ面積畑,Q08010207,Q09010207,
1,（共）六条大麦作付け延べ面積畑,Q08010208,Q09010208,
1,（共）はだか麦作付け延べ面積畑,Q08010209,Q09010209,
1,（共）その他の麦作付け延べ面積畑,Q08010210,Q09010210,
1,（共）そば作付け延べ面積畑,Q08010211,Q09010211,
1,（共）大豆作付け延べ面積畑,Q08010213,Q09010213,
1,（共）大豆以外作付け延べ面積畑,Q08010214,Q09010214,
1,（共）かんしょ作付け延べ面積畑,Q08010216,Q09010216,
1,（共）ばれいしょ作付け延べ面積畑,Q08010217,Q09010217,
1,（共）てんさい作付け延べ面積畑,Q08010218,Q09010218,
1,（共）さとうきび作付け延べ面積畑,Q08010219,Q09010219,
1,（共）その他の工芸農作物作付け延べ面積畑,Q08010220,Q09010220,
1,（共）飼料用作物作付け延べ面積畑,Q08010221,Q09010221,
1,（共）その他作物その他作付け延べ面積畑,Q08010222,Q09010222,
1,（共）水稲主食用米生産量,Q08010301,Q09010301,
1,（共）水稲加工用米生産量,Q08010302,Q09010302,
1,（共）水稲新規需要米等生産量,Q08010351,Q09010351,
1,（共）陸稲生産量,Q08010352,Q09010352,
1,（共）飼料用米生産量,Q08010304,Q09010304,
1,（共）小麦生産量,Q08010306,Q09010306,
1,（共）二条大麦生産量,Q08010307,Q09010307,
1,（共）六条大麦生産量,Q08010308,Q09010308,
1,（共）はだか麦生産量,Q08010309,Q09010309,
1,（共）その他の麦生産量,Q08010310,Q09010310,
1,（共）そば生産量,Q08010311,Q09010311,
1,（共）大豆生産量,Q08010313,Q09010313,
1,（共）大豆以外生産量,Q08010314,Q09010314,
1,（共）かんしょ生産量,Q08010316,Q09010316,
1,（共）ばれいしょ生産量,Q08010317,Q09010317,
1,（共）てんさい生産量,Q08010318,Q09010318,
1,（共）さとうきび生産量,Q08010319,Q09010319,
1,（共）水稲主食用米販売数量,Q08010401,Q09010401,
1,（共）水稲加工用米販売数量,Q08010402,Q09010402,
1,（共）水稲新規需要米等販売数量,Q08010451,Q09010451,
1,（共）陸稲販売数量,Q08010452,Q09010452,
1,（共）小麦販売数量,Q08010406,Q09010406,
1,（共）二条大麦販売数量,Q08010407,Q09010407,
1,（共）六条大麦販売数量,Q08010408,Q09010408,
1,（共）はだか麦販売数量,Q08010409,Q09010409,
1,（共）その他の麦販売数量,Q08010410,Q09010410,
1,（共）そば販売数量,Q08010411,Q09010411,
1,（共）大豆販売数量,Q08010413,Q09010413,
1,（共）大豆以外販売数量,Q08010414,Q09010414,
1,（共）かんしょ販売数量,Q08010416,Q09010416,
1,（共）ばれいしょ販売数量,Q08010417,Q09010417,
1,（共）てんさい販売数量,Q08010418,Q09010418,
1,（共）さとうきび販売数量,Q08010419,Q09010419,
1,（共）水稲主食用米販売金額,Q08010501,Q09010501,
1,（共）水稲加工用米販売金額,Q08010502,Q09010502,
1,（共）水稲新規需要米等販売金額,Q08010551,Q09010551,
1,（共）陸稲販売金額,Q08010552,Q09010552,
1,（共）飼料用米販売金額,Q08010504,Q09010504,
1,（共）ＷＣＳ用稲販売金額,Q08010505,Q09010505,
1,（共）販売金額,Q08010503,Q09010503,
1,（共）小麦販売金額,Q08010506,Q09010506,
1,（共）二条大麦販売金額,Q08010507,Q09010507,
1,（共）六条大麦販売金額,Q08010508,Q09010508,
1,（共）はだか麦販売金額,Q08010509,Q09010509,
1,（共）その他の麦販売金額,Q08010510,Q09010510,
1,（共）そば販売金額,Q08010511,Q09010511,
1,（共）他の雑穀（そば以外）販売金額,Q08010512,Q09010512,
1,（共）大豆販売金額,Q08010513,Q09010513,
1,（共）大豆以外販売金額,Q08010514,Q09010514,
1,（共）かんしょ販売金額,Q08010516,Q09010516,
1,（共）ばれいしょ販売金額,Q08010517,Q09010517,
1,（共）てんさい販売金額,Q08010518,Q09010518,
1,（共）さとうきび販売金額,Q08010519,Q09010519,
1,（共）その他の工芸農作物販売金額,Q08010520,Q09010520,
1,（共）飼料用作物販売金額,Q08010521,Q09010521,
1,（共）その他作物その他販売金額,Q08010522,Q09010522,
1,（共）茶植栽面積,Q08010601,Q09010601,
1,（共）果樹植栽面積,Q08010602,Q09010602,
1,（共）茶うち成園（結果樹）,Q08010701,Q09010701,
1,（共）果樹うち成園（結果樹）,Q08010702,Q09010702,
1,（共）茶生産量,Q08010801,Q09010801,
1,（共）茶販売数量,Q08010901,Q09010901,
1,（共）茶販売金額,Q08011001,Q09011001,
1,（共）果樹販売金額,Q08011002,Q09011002,
1,（共）露地野菜作付延べ面積,Q08011101,Q09011101,
1,（共）施設野菜作付延べ面積,Q08011102,Q09011102,
1,（共）露地花き切り花作付延べ面積,Q08011103,Q09011103,
1,（共）露地花き鉢物作付延べ面積,Q08011104,Q09011104,
1,（共）施設花き切り花作付延べ面積,Q08011105,Q09011105,
1,（共）施設花き鉢物作付延べ面積,Q08011106,Q09011106,
1,（共）露地野菜販売金額,Q08011201,Q09011201,
1,（共）施設野菜販売金額,Q08011202,Q09011202,
1,（共）露地花き切り花販売金額,Q08011203,Q09011203,
1,（共）露地花き鉢物販売金額,Q08011204,Q09011204,
1,（共）施設花き切り花販売金額,Q08011205,Q09011205,
1,（共）施設花き鉢物販売金額,Q08011206,Q09011206,
1,（個）作付延べ(結果樹)面積,Q08011301,,
1,（個）作付延べ(結果樹)面積単位,Q08011302,,
1,（個）生産量,Q08011303,,
1,（個）販売金額,Q08011304,,
1,（共）生乳生産量,Q08020101,Q09020101,
1,（共）搾乳牛飼養頭数,Q08020102,Q09020102,
1,（共）繁殖雌牛飼養頭数,Q08020104,Q09020104,
1,（共）肉専用種飼養頭数,Q08020106,Q09020106,
1,（共）乳用種飼養頭数,Q08020107,Q09020107,
1,（共）交雑種飼養頭数,Q08020108,Q09020108,
1,（共）繁殖雌豚飼養頭数,Q08020109,Q09020109,
1,（共）肥育豚飼養頭数,Q08020110,Q09020110,
1,（共）採卵鶏飼養羽数,Q08020113,Q09020113,
1,（共）鶏卵生産量,Q08020214,Q09020214,
1,（共）自家生産乳牛等,Q08020203,Q09020203,
1,（共）自家生産和牛等販売頭数,Q08020205,Q09020205,
1,（共）肉専用種販売頭数,Q08020206,Q09020206,
1,（共）乳用種販売頭数,Q08020207,Q09020207,
1,（共）交雑種販売頭数,Q08020208,Q09020208,
1,（共）肉豚販売頭数,Q08020211,Q09020211,
1,（共）子豚販売頭数,Q08020212,Q09020212,
1,（共）ブロイラー販売羽数,Q08020115,Q09020115,
1,（共）生乳販売金額,Q08020301,Q09020301,
1,（共）自家生産乳牛等,Q08020103,Q09020303,
1,（共）自家生産和牛等販売金額,Q08020305,Q09020305,
1,（共）肉専用種販売金額,Q08020306,Q09020306,
1,（共）乳用種販売金額,Q08020307,Q09020307,
1,（共）交雑種販売金額,Q08020308,Q09020308,
1,（共）肉豚販売金額,Q08020311,Q09020311,
1,（共）子豚販売金額,Q08020312,Q09020312,
1,（共）鶏卵,Q08020314,Q09020314,
1,（共）ブロイラー販売金額,Q08020215,Q09020215,
1,（共）きゅう肥（ふん尿）販売金額,Q08020116,Q09020116,
1,（共）その他畜産物販売金額,Q08020117,Q09020117,
1,（共）直接販売の金額,Q08040101,Q09030101,
1,（共）販売金額に占める直接販売の割合,Q08040102,Q09030102,
1,（共）販路別金額割合小売業者,Q08040201,Q09030201,
1,（共）販路別金額割合食品製造業・外食産業,Q08040202,Q09030202,
1,（共）販路別金額割合自営直売所,Q08040203,Q09030203,
1,（共）販路別金額割合その他直売所,Q08040204,Q09030204,
1,（共）販路別金額割合インターネット,Q08040205,Q09030205,
1,（共）販路別金額割合消費者に直接販売他の方法,Q08040206,Q09030206,
1,（共）販路別金額割合その他,Q08040207,Q09030207,
1,（共）農作業受託収入金額,Q08030101,Q10010101,
1,（法）水稲全作業受託面積等,,Q10020101,
1,（法）水稲育苗受託面積等,,Q10020102,
1,（法）水稲耕うん・整地受託面積等,,Q10020103,
1,（法）水稲田植受託面積等,,Q10020104,
1,（法）水稲防除受託面積等,,Q10020105,
1,（法）水稲刈取・脱穀受託面積等,,Q10020106,
1,（法）水稲乾燥・調製受託面積等,,Q10020107,
1,（法）水稲全作業収入金額,,Q10020201,
1,（法）水稲育苗収入金額,,Q10020202,
1,（法）水稲耕うん・整地収入金額,,Q10020203,
1,（法）水稲田植収入金額,,Q10020204,
1,（法）水稲防除収入金額,,Q10020205,
1,（法）水稲刈取・脱穀収入金額,,Q10020206,
1,（法）水稲乾燥・調製収入金額,,Q10020207,
1,（法）水稲その他部分作業収入金額,,Q10020208,
1,（法）水稲全作業農作業受託収入金額に占める割合,,Q10020301,
1,（法）水稲育苗農作業受託収入金額に占める割合,,Q10020302,
1,（法）水稲耕うん・整地農作業受託収入金額に占める割合,,Q10020303,
1,（法）水稲田植農作業受託収入金額に占める割合,,Q10020304,
1,（法）水稲防除農作業受託収入金額に占める割合,,Q10020305,
1,（法）水稲刈取・脱穀農作業受託収入金額に占める割合,,Q10020306,
1,（法）水稲乾燥・調製農作業受託収入金額に占める割合,,Q10020307,
1,（法）水稲その他部分作業農作業受託収入金額に占める割合,,Q10020308,
1,（法）麦類全作業受託面積等,,Q10020401,
1,（法）麦類耕うん・整地受託面積等,,Q10020402,
1,（法）麦類は種受託面積等,,Q10020403,
1,（法）麦類防除受託面積等,,Q10020404,
1,（法）麦類刈取・脱穀受託面積等,,Q10020405,
1,（法）麦類乾燥・調製受託面積等,,Q10020406,
1,（法）麦類全作業収入金額,,Q10020501,
1,（法）麦類耕うん・整地収入金額,,Q10020502,
1,（法）麦類は種収入金額,,Q10020503,
1,（法）麦類防除収入金額,,Q10020504,
1,（法）麦類刈取・脱穀収入金額,,Q10020505,
1,（法）麦類乾燥・調製収入金額,,Q10020506,
1,（法）麦類その他部分作業収入金額,,Q10020507,
1,（法）麦類全作業農作業受託収入金額に占める割合,,Q10020601,
1,（法）麦類耕うん・整地農作業受託収入金額に占める割合,,Q10020602,
1,（法）麦類は種農作業受託収入金額に占める割合,,Q10020603,
1,（法）麦類防除農作業受託収入金額に占める割合,,Q10020604,
1,（法）麦類刈取・脱穀農作業受託収入金額に占める割合,,Q10020605,
1,（法）麦類乾燥・調製農作業受託収入金額に占める割合,,Q10020606,
1,（法）麦類その他部分作業農作業受託収入金額に占める割合,,Q10020607,
1,（法）豆類全作業受託面積等,,Q10020701,
1,（法）豆類耕うん・整地受託面積等,,Q10020702,
1,（法）豆類は種受託面積等,,Q10020703,
1,（法）豆類防除受託面積等,,Q10020704,
1,（法）豆類刈取・脱穀受託面積等,,Q10020705,
1,（法）豆類乾燥・調製受託面積等,,Q10020706,
1,（法）豆類全作業収入金額,,Q10020801,
1,（法）豆類耕うん・整地収入金額,,Q10020802,
1,（法）豆類は種収入金額,,Q10020803,
1,（法）豆類防除収入金額,,Q10020804,
1,（法）豆類刈取・脱穀収入金額,,Q10020805,
1,（法）豆類乾燥・調製収入金額,,Q10020806,
1,（法）豆類その他部分作業収入金額,,Q10020807,
1,（法）豆類全作業農作業受託収入金額に占める割合,,Q10020901,
1,（法）豆類耕うん・整地農作業受託収入金額に占める割合,,Q10020902,
1,（法）豆類は種農作業受託収入金額に占める割合,,Q10020903,
1,（法）豆類防除農作業受託収入金額に占める割合,,Q10020904,
1,（法）豆類刈取・脱穀農作業受託収入金額に占める割合,,Q10020905,
1,（法）豆類乾燥・調製農作業受託収入金額に占める割合,,Q10020906,
1,（法）豆類その他部分作業農作業受託収入金額に占める割合,,Q10020907,
1,（共）制度受取金等1受取金,Q09010111,Q11010111,
1,（共）制度受取金等2受取金,Q09010112,Q11010112,
1,（共）制度受取金等3受取金,Q09010113,Q11010113,
1,（共）制度受取金等4受取金,Q09010114,Q11010114,
1,（共）制度受取金等5受取金,Q09010115,Q11010115,
1,（共）制度受取金等6受取金,Q09010116,Q11010116,
1,（共）制度受取金等7受取金,Q09010117,Q11010117,
1,（共）制度受取金等8受取金,Q09010118,Q11010118,
1,（共）制度受取金等9受取金,Q09010119,Q11010119,
1,（共）制度受取金等10受取金,Q09010120,Q11010120,
1,（共）制度受取金等11受取金,Q09010121,Q11010121,
1,（共）制度受取金等12受取金,Q09010122,Q11010122,
1,（共）制度受取金等13受取金,Q09010123,Q11010123,
1,（共）制度受取金等14受取金,Q09010124,Q11010124,
1,（共）制度受取金等15受取金,Q09010125,Q11010125,
1,（共）制度受取金等16受取金,Q09010126,Q11010126,
1,（共）制度受取金等17受取金,Q09010127,Q11010127,
1,（共）制度受取金等18受取金,Q09010128,Q11010128,
1,（共）制度受取金等19受取金,Q09010129,Q11010129,
1,（共）制度受取金等20受取金,Q09010130,Q11010130,
1,（共）制度受取金等21受取金,Q09010131,Q11010131,
1,（共）制度受取金等22受取金,Q09010132,Q11010132,
1,（共）制度受取金等23受取金,Q09010133,Q11010133,
1,（共）制度受取金等24受取金,Q09010134,Q11010134,
1,（共）制度受取金等25受取金,Q09010135,Q11010135,
1,（共）制度受取金等26受取金,Q09010136,Q11010136,
1,（共）制度受取金等27受取金,Q09010137,Q11010137,
1,（共）制度受取金等28受取金,Q09010138,Q11010138,
1,（共）制度受取金等29受取金,Q09010139,Q11010139,
1,（共）制度受取金等30受取金,Q09010140,Q11010140,
1,（共）制度受取金等31受取金,Q09010141,Q11010141,
1,（共）制度受取金等32受取金,Q09010142,Q11010142,
1,（共）制度受取金等33受取金,Q09010143,Q11010143,
1,（共）制度受取金等34受取金,Q09010144,Q11010144,
1,（共）制度受取金等35受取金,Q09010145,Q11010145,
1,（共）制度受取金等36受取金,Q09010146,Q11010146,
1,（共）制度受取金等37受取金,Q09010147,Q11010147,
1,（共）制度受取金等38受取金,Q09010148,Q11010148,
1,（共）制度受取金等39受取金,Q09010149,Q11010149,
1,（共）制度受取金等40受取金,Q09010150,Q11010150,
1,（共）制度受取金等41受取金,Q09010151,Q11010151,
1,（共）制度受取金等42受取金,Q09010152,Q11010152,
1,（共）制度受取金等43受取金,Q09010153,Q11010153,
1,（共）制度受取金等44受取金,Q09010154,Q11010154,
1,（共）制度受取金等45受取金,Q09010155,Q11010155,
1,（共）制度受取金等46受取金,Q09010156,Q11010156,
1,（共）制度受取金等47受取金,Q09010157,Q11010157,
1,（共）制度受取金等48受取金,Q09010158,Q11010158,
1,（共）制度受取金等49受取金,Q09010159,Q11010159,
1,（共）制度受取金等50受取金,Q09010160,Q11010160,
1,（共）制度受取金等51受取金,Q09010161,Q11010161,
1,（共）制度受取金等52受取金,Q09010162,Q11010162,
1,（共）制度受取金等53受取金,Q09010163,Q11010163,
1,（共）制度受取金等54受取金,Q09010164,Q11010164,
1,（共）制度受取金等55受取金,Q09010165,Q11010165,
1,（共）制度受取金等56受取金,Q09010166,Q11010166,
1,（共）制度受取金等57受取金,Q09010167,Q11010167,
1,（共）制度受取金等58受取金,Q09010168,Q11010168,
1,（共）制度受取金等59受取金,Q09010169,Q11010169,
1,（共）制度受取金等60受取金,Q09010170,Q11010170,
1,（共）制度受取金等61受取金,Q09010171,Q11010171,
1,（共）制度受取金等62受取金,Q09010172,Q11010172,
1,（共）制度受取金等63受取金,Q09010173,Q11010173,
1,（共）制度受取金等64受取金,Q09010174,Q11010174,
1,（共）制度受取金等65受取金,Q09010175,Q11010175,
1,（共）制度受取金等66受取金,Q09010176,Q11010176,
1,（共）制度受取金等67受取金,Q09010177,Q11010177,
1,（共）制度受取金等68受取金,Q09010178,Q11010178,
1,（共）制度受取金等69受取金,Q09010179,Q11010179,
1,（共）制度受取金等70受取金,Q09010180,Q11010180,
1,（共）制度受取金等71受取金,Q09010181,Q11010181,
1,（共）制度受取金等72受取金,Q09010182,Q11010182,
1,（共）制度受取金等73受取金,Q09010183,Q11010183,
1,（共）制度受取金等74受取金,Q09010184,Q11010184,
1,（共）制度受取金等75受取金,Q09010185,Q11010185,
1,（共）制度受取金等76受取金,Q09010186,Q11010186,
1,（共）制度受取金等1積立金,Q09010211,Q11010211,
1,（共）制度受取金等2積立金,Q09010212,Q11010212,
1,（共）制度受取金等3積立金,Q09010213,Q11010213,
1,（共）制度受取金等4積立金,Q09010214,Q11010214,
1,（共）制度受取金等5積立金,Q09010215,Q11010215,
1,（共）制度受取金等6積立金,Q09010216,Q11010216,
1,（共）制度受取金等7積立金,Q09010217,Q11010217,
1,（共）制度受取金等8積立金,Q09010218,Q11010218,
1,（共）制度受取金等9積立金,Q09010219,Q11010219,
1,（共）制度受取金等10積立金,Q09010220,Q11010220,
1,（共）制度受取金等11積立金,Q09010221,Q11010221,
1,（共）制度受取金等12積立金,Q09010222,Q11010222,
1,（共）制度受取金等13積立金,Q09010223,Q11010223,
1,（共）制度受取金等14積立金,Q09010224,Q11010224,
1,（共）制度受取金等15積立金,Q09010225,Q11010225,
1,（共）制度受取金等16積立金,Q09010226,Q11010226,
1,（共）制度受取金等17積立金,Q09010227,Q11010227,
1,（共）制度受取金等18積立金,Q09010228,Q11010228,
1,（共）制度受取金等19積立金,Q09010229,Q11010229,
1,（共）制度受取金等20積立金,Q09010230,Q11010230,
1,（共）制度受取金等21積立金,Q09010231,Q11010231,
1,（共）制度受取金等22積立金,Q09010232,Q11010232,
1,（共）制度受取金等23積立金,Q09010233,Q11010233,
1,（共）制度受取金等24積立金,Q09010234,Q11010234,
1,（共）制度受取金等25積立金,Q09010235,Q11010235,
1,（共）制度受取金等26積立金,Q09010236,Q11010236,
1,（共）制度受取金等27積立金,Q09010237,Q11010237,
1,（共）制度受取金等28積立金,Q09010238,Q11010238,
1,（共）制度受取金等29積立金,Q09010239,Q11010239,
1,（共）制度受取金等30積立金,Q09010240,Q11010240,
1,（共）制度受取金等31積立金,Q09010241,Q11010241,
1,（共）制度受取金等32積立金,Q09010242,Q11010242,
1,（共）制度受取金等33積立金,Q09010243,Q11010243,
1,（共）制度受取金等34積立金,Q09010244,Q11010244,
1,（共）制度受取金等35積立金,Q09010245,Q11010245,
1,（共）制度受取金等36積立金,Q09010246,Q11010246,
1,（共）制度受取金等37積立金,Q09010247,Q11010247,
1,（共）制度受取金等38積立金,Q09010248,Q11010248,
1,（共）制度受取金等39積立金,Q09010249,Q11010249,
1,（共）制度受取金等40積立金,Q09010250,Q11010250,
1,（共）制度受取金等41積立金,Q09010251,Q11010251,
1,（共）制度受取金等42積立金,Q09010252,Q11010252,
1,（共）制度受取金等43積立金,Q09010253,Q11010253,
1,（共）制度受取金等44積立金,Q09010254,Q11010254,
1,（共）制度受取金等45積立金,Q09010255,Q11010255,
1,（共）制度受取金等46積立金,Q09010256,Q11010256,
1,（共）制度受取金等47積立金,Q09010257,Q11010257,
1,（共）制度受取金等48積立金,Q09010258,Q11010258,
1,（共）制度受取金等49積立金,Q09010259,Q11010259,
1,（共）制度受取金等50積立金,Q09010260,Q11010260,
1,（共）制度受取金等51積立金,Q09010261,Q11010261,
1,（共）制度受取金等52積立金,Q09010262,Q11010262,
1,（共）制度受取金等53積立金,Q09010263,Q11010263,
1,（共）制度受取金等54積立金,Q09010264,Q11010264,
1,（共）制度受取金等55積立金,Q09010265,Q11010265,
1,（共）制度受取金等56積立金,Q09010266,Q11010266,
1,（共）制度受取金等57積立金,Q09010267,Q11010267,
1,（共）制度受取金等58積立金,Q09010268,Q11010268,
1,（共）制度受取金等59積立金,Q09010269,Q11010269,
1,（共）制度受取金等60積立金,Q09010270,Q11010270,
1,（共）制度受取金等61積立金,Q09010271,Q11010271,
1,（共）制度受取金等62積立金,Q09010272,Q11010272,
1,（共）制度受取金等63積立金,Q09010273,Q11010273,
1,（共）制度受取金等64積立金,Q09010274,Q11010274,
1,（共）制度受取金等65積立金,Q09010275,Q11010275,
1,（共）制度受取金等66積立金,Q09010276,Q11010276,
1,（共）制度受取金等67積立金,Q09010277,Q11010277,
1,（共）制度受取金等68積立金,Q09010278,Q11010278,
1,（共）制度受取金等69積立金,Q09010279,Q11010279,
1,（共）制度受取金等70積立金,Q09010280,Q11010280,
1,（共）制度受取金等71積立金,Q09010281,Q11010281,
1,（共）制度受取金等72積立金,Q09010282,Q11010282,
1,（共）制度受取金等73積立金,Q09010283,Q11010283,
1,（共）制度受取金等74積立金,Q09010284,Q11010284,
1,（共）制度受取金等75積立金,Q09010285,Q11010285,
1,（共）制度受取金等76積立金,Q09010286,Q11010286,
1,（個）指定品目制度受取金等,Q09060101,,
1,（個）指定品目制度積立金等,Q09060102,,
1,（個）指定品目受取金等割合,Q09060103,,
1,（個）指定品目積立金等割合,Q09060104,,
1,（個）経営主性別,Q10010101,,
1,（個）経営主年齢,Q10010201,,
1,（個）経営主農業労働時間,Q10010401,,
1,（個）経営主農作業受託労働時間,Q10010501,,
1,（個）経営主農業生産関連事業労働時間,Q10010601,,
1,（個）臨時雇用者男人数,Q10020101,,
1,（個）臨時雇用者女人数,Q10020102,,
1,（個）臨時雇用者男農業労働時間,Q10020201,,
1,（個）臨時雇用者女農業労働時間,Q10020202,,
1,（個）臨時雇用者男農作業受託労働時間,Q10020301,,
1,（個）臨時雇用者女農作業受託労働時間,Q10020302,,
1,（個）臨時雇用者男農業生産関連事業労働時間,Q10020401,,
1,（個）臨時雇用者女農業生産関連事業労働時間,Q10020402,,
1,（個）指定品目労働時間家族男,Q11010201,,
1,（個）指定品目労働時間雇用者男,Q11010202,,
1,（個）指定品目労働時間家族女,Q11010301,,
1,（個）指定品目労働時間雇用者女,Q11010302,,
1,（個）指定品目労働時間作業別労働時間計,Q11020101,,
1,（個）指定品目労働時間種子予措・育苗,Q11020102,,
1,（個）指定品目労働時間耕うん・施肥（基肥・追肥）,Q11020103,,
1,（個）指定品目労働時間は種・定植整枝・せん定,Q11020104,,
1,（個）指定品目労働時間除草・防除,Q11020105,,
1,（個）指定品目労働時間授粉・摘果,Q11020106,,
1,（個）指定品目労働時間生育管理,Q11020107,,
1,（個）指定品目労働時間収穫・調製,Q11020108,,
1,（個）指定品目労働時間包装・荷造り,Q11020109,,
1,（個）指定品目労働時間搬出・出荷・販売,Q11020110,,
1,（個）指定品目労働時間経営管理・間接労働,Q11020111,,
1,（法）事業従事者数有給役員事業従事者男,,Q12010101,
1,（法）事業従事者数有給役員事業従事者うち農業従事者男,,Q12010102,
1,（法）事業従事者数常用雇用者正社員・正職員男,,Q12010103,
1,（法）事業従事者数常用雇用者正社員・正職員うち農業従事者男,,Q12010104,
1,（法）事業従事者数常用雇用者その他男,,Q12010105,
1,（法）事業従事者数常用雇用者その他うち農業従事者男,,Q12010106,
1,（法）事業従事者数常用雇用者うち７か月以上男,,Q12010107,
1,（法）事業従事者数常用雇用者うち７か月以上うち農業従事者男,,Q12010108,
1,（法）事業従事者数臨時雇用者男,,Q12010109,
1,（法）事業従事者数臨時雇用者うち農業従事者男,,Q12010110,
1,（法）事業従事者数有給役員事業従事者女,,Q12010201,
1,（法）事業従事者数有給役員事業従事者うち農業従事者女,,Q12010202,
1,（法）事業従事者数常用雇用者正社員・正職員女,,Q12010203,
1,（法）事業従事者数常用雇用者正社員・正職員うち農業従事者女,,Q12010204,
1,（法）事業従事者数常用雇用者その他女,,Q12010205,
1,（法）事業従事者数常用雇用者その他うち農業従事者女,,Q12010206,
1,（法）事業従事者数常用雇用者うち７か月以上女,,Q12010207,
1,（法）事業従事者数常用雇用者うち７か月以上うち農業従事者女,,Q12010208,
1,（法）事業従事者数臨時雇用者女,,Q12010209,
1,（法）事業従事者数臨時雇用者うち農業従事者女,,Q12010210,
1,（法）構成員数事業従事者男,,Q12010301,
1,（法）構成員数事業従事者うち農業従事者男,,Q12010302,
1,（法）構成員数事業従事者女,,Q12010401,
1,（法）構成員数事業従事者うち農業従事者女,,Q12010402,
1,（法）農業従事者数男35歳未満60日未満,,Q12010501,
1,（法）農業従事者数男35～44歳60日未満,,Q12010502,
1,（法）農業従事者数男45～49歳60日未満,,Q12010503,
1,（法）農業従事者数男50～59歳60日未満,,Q12010504,
1,（法）農業従事者数男60～64歳60日未満,,Q12010505,
1,（法）農業従事者数男65～69歳60日未満,,Q12010506,
1,（法）農業従事者数男70歳以上60日未満,,Q12010507,
1,（法）農業従事者数女35歳未満60日未満,,Q12010508,
1,（法）農業従事者数女35～44歳60日未満,,Q12010509,
1,（法）農業従事者数女45～49歳60日未満,,Q12010510,
1,（法）農業従事者数女50～59歳60日未満,,Q12010511,
1,（法）農業従事者数女60～64歳60日未満,,Q12010512,
1,（法）農業従事者数女65～69歳60日未満,,Q12010513,
1,（法）農業従事者数女70歳以上60日未満,,Q12010514,
1,（法）農業従事者数男35歳未満60～150日,,Q12010601,
1,（法）農業従事者数男35～44歳60～150日,,Q12010602,
1,（法）農業従事者数男45～49歳60～150日,,Q12010603,
1,（法）農業従事者数男50～59歳60～150日,,Q12010604,
1,（法）農業従事者数男60～64歳60～150日,,Q12010605,
1,（法）農業従事者数男65～69歳60～150日,,Q12010606,
1,（法）農業従事者数男70歳以上60～150日,,Q12010607,
1,（法）農業従事者数女35歳未満60～150日,,Q12010608,
1,（法）農業従事者数女35～44歳60～150日,,Q12010609,
1,（法）農業従事者数女45～49歳60～150日,,Q12010610,
1,（法）農業従事者数女50～59歳60～150日,,Q12010611,
1,（法）農業従事者数女60～64歳60～150日,,Q12010612,
1,（法）農業従事者数女65～69歳60～150日,,Q12010613,
1,（法）農業従事者数女70歳以上60～150日,,Q12010614,
1,（法）農業従事者数男35歳未満150日以上,,Q12010701,
1,（法）農業従事者数男35～44歳150日以上,,Q12010702,
1,（法）農業従事者数男45～49歳150日以上,,Q12010703,
1,（法）農業従事者数男50～59歳150日以上,,Q12010704,
1,（法）農業従事者数男60～64歳150日以上,,Q12010705,
1,（法）農業従事者数男65～69歳150日以上,,Q12010706,
1,（法）農業従事者数男70歳以上150日以上,,Q12010707,
1,（法）農業従事者数女35歳未満150日以上,,Q12010708,
1,（法）農業従事者数女35～44歳150日以上,,Q12010709,
1,（法）農業従事者数女45～49歳150日以上,,Q12010710,
1,（法）農業従事者数女50～59歳150日以上,,Q12010711,
1,（法）農業従事者数女60～64歳150日以上,,Q12010712,
1,（法）農業従事者数女65～69歳150日以上,,Q12010713,
1,（法）農業従事者数女70歳以上150日以上,,Q12010714,
1,（法）労働時間有給役員男計,,Q12020101,
1,（法）労働時間有給役員女計,,Q12020102,
1,（法）労働時間常用雇用者男正社員・正職員計,,Q12020103,
1,（法）労働時間常用雇用者男その他計,,Q12020104,
1,（法）労働時間常用雇用者男うち７か月以上計,,Q12020105,
1,（法）労働時間常用雇用者女正社員・正職員計,,Q12020106,
1,（法）労働時間常用雇用者女その他計,,Q12020107,
1,（法）労働時間常用雇用者女うち７か月以上計,,Q12020108,
1,（法）労働時間臨時雇用者男計,,Q12020109,
1,（法）労働時間臨時雇用者女計,,Q12020110,
1,（法）労働時間有給役員男農業,,Q12020201,
1,（法）労働時間有給役員女農業,,Q12020202,
1,（法）労働時間常用雇用者男正社員・正職員農業,,Q12020203,
1,（法）労働時間常用雇用者男その他農業,,Q12020204,
1,（法）労働時間常用雇用者男うち７か月以上農業,,Q12020205,
1,（法）労働時間常用雇用者女正社員・正職員農業,,Q12020206,
1,（法）労働時間常用雇用者女その他農業,,Q12020207,
1,（法）労働時間常用雇用者女うち７か月以上農業,,Q12020208,
1,（法）労働時間臨時雇用者男農業,,Q12020209,
1,（法）労働時間臨時雇用者女農業,,Q12020210,
1,（法）労働時間有給役員男農畜産物の生産,,Q12020301,
1,（法）労働時間有給役員女農畜産物の生産,,Q12020302,
1,（法）労働時間常用雇用者男正社員・正職員農畜産物の生産,,Q12020303,
1,（法）労働時間常用雇用者男その他農畜産物の生産,,Q12020304,
1,（法）労働時間常用雇用者男うち７か月以上農畜産物の生産,,Q12020305,
1,（法）労働時間常用雇用者女正社員・正職員農畜産物の生産,,Q12020306,
1,（法）労働時間常用雇用者女その他農畜産物の生産,,Q12020307,
1,（法）労働時間常用雇用者女うち７か月以上農畜産物の生産,,Q12020308,
1,（法）労働時間臨時雇用者男農畜産物の生産,,Q12020309,
1,（法）労働時間臨時雇用者女農畜産物の生産,,Q12020310,
1,（法）労働時間有給役員男販売・一般管理,,Q12020401,
1,（法）労働時間有給役員女販売・一般管理,,Q12020402,
1,（法）労働時間常用雇用者男正社員・正職員販売・一般管理,,Q12020403,
1,（法）労働時間常用雇用者男その他販売・一般管理,,Q12020404,
1,（法）労働時間常用雇用者男うち７か月以上販売・一般管理,,Q12020405,
1,（法）労働時間常用雇用者女正社員・正職員販売・一般管理,,Q12020406,
1,（法）労働時間常用雇用者女その他販売・一般管理,,Q12020407,
1,（法）労働時間常用雇用者女うち７か月以上販売・一般管理,,Q12020408,
1,（法）労働時間臨時雇用者男販売・一般管理,,Q12020409,
1,（法）労働時間臨時雇用者女販売・一般管理,,Q12020410,
1,（法）労働時間有給役員男受託,,Q12020501,
1,（法）労働時間有給役員女受託,,Q12020502,
1,（法）労働時間常用雇用者男正社員・正職員受託,,Q12020503,
1,（法）労働時間常用雇用者男その他受託,,Q12020504,
1,（法）労働時間常用雇用者男うち７か月以上受託,,Q12020505,
1,（法）労働時間常用雇用者女正社員・正職員受託,,Q12020506,
1,（法）労働時間常用雇用者女その他受託,,Q12020507,
1,（法）労働時間常用雇用者女うち７か月以上受託,,Q12020508,
1,（法）労働時間臨時雇用者男受託,,Q12020509,
1,（法）労働時間臨時雇用者女受託,,Q12020510,
1,（法）労働時間有給役員男農業生産関連事業,,Q12020601,
1,（法）労働時間有給役員女農業生産関連事業,,Q12020602,
1,（法）労働時間常用雇用者男正社員・正職員農業生産関連事業,,Q12020603,
1,（法）労働時間常用雇用者男その他農業生産関連事業,,Q12020604,
1,（法）労働時間常用雇用者男うち７か月以上農業生産関連事業,,Q12020605,
1,（法）労働時間常用雇用者女正社員・正職員農業生産関連事業,,Q12020606,
1,（法）労働時間常用雇用者女その他農業生産関連事業,,Q12020607,
1,（法）労働時間常用雇用者女うち７か月以上農業生産関連事業,,Q12020608,
1,（法）労働時間臨時雇用者男農業生産関連事業,,Q12020609,
1,（法）労働時間臨時雇用者女農業生産関連事業,,Q12020610,
1,（法）労働時間経営主計,,Q12020701,
1,（法）労働時間構成員男計,,Q12020702,
1,（法）労働時間構成員女計,,Q12020703,
1,（法）労働時間経営主農業,,Q12020801,
1,（法）労働時間構成員男農業,,Q12020802,
1,（法）労働時間構成員女農業,,Q12020803,
1,（法）労働時間経営主農畜産物の生産,,Q12020901,
1,（法）労働時間構成員男農畜産物の生産,,Q12020902,
1,（法）労働時間構成員女農畜産物の生産,,Q12020903,
1,（法）労働時間経営主販売・一般管理,,Q12021001,
1,（法）労働時間構成員男販売・一般管理,,Q12021002,
1,（法）労働時間構成員女販売・一般管理,,Q12021003,
1,（法）労働時間経営主受託,,Q12021101,
1,（法）労働時間構成員男受託,,Q12021102,
1,（法）労働時間構成員女受託,,Q12021103,
1,（法）労働時間経営主農業生産関連事業,,Q12021201,
1,（法）労働時間構成員男農業生産関連事業,,Q12021202,
1,（法）労働時間構成員女農業生産関連事業,,Q12021203,
1,（法）農業労働時間男35歳未満有給役員,,Q12021301,
1,（法）農業労働時間男35～44歳有給役員,,Q12021302,
1,（法）農業労働時間男45～49歳有給役員,,Q12021303,
1,（法）農業労働時間男50～59歳有給役員,,Q12021304,
1,（法）農業労働時間男60～64歳有給役員,,Q12021305,
1,（法）農業労働時間男65～69歳有給役員,,Q12021306,
1,（法）農業労働時間男70歳以上有給役員,,Q12021307,
1,（法）農業労働時間女35歳未満有給役員,,Q12021308,
1,（法）農業労働時間女35～44歳有給役員,,Q12021309,
1,（法）農業労働時間女45～49歳有給役員,,Q12021310,
1,（法）農業労働時間女50～59歳有給役員,,Q12021311,
1,（法）農業労働時間女60～64歳有給役員,,Q12021312,
1,（法）農業労働時間女65～69歳有給役員,,Q12021313,
1,（法）農業労働時間女70歳以上有給役員,,Q12021314,
1,（法）農業労働時間男35歳未満常用雇用者,,Q12021401,
1,（法）農業労働時間男35～44歳常用雇用者,,Q12021402,
1,（法）農業労働時間男45～49歳常用雇用者,,Q12021403,
1,（法）農業労働時間男50～59歳常用雇用者,,Q12021404,
1,（法）農業労働時間男60～64歳常用雇用者,,Q12021405,
1,（法）農業労働時間男65～69歳常用雇用者,,Q12021406,
1,（法）農業労働時間男70歳以上常用雇用者,,Q12021407,
1,（法）農業労働時間女35歳未満常用雇用者,,Q12021408,
1,（法）農業労働時間女35～44歳常用雇用者,,Q12021409,
1,（法）農業労働時間女45～49歳常用雇用者,,Q12021410,
1,（法）農業労働時間女50～59歳常用雇用者,,Q12021411,
1,（法）農業労働時間女60～64歳常用雇用者,,Q12021412,
1,（法）農業労働時間女65～69歳常用雇用者,,Q12021413,
1,（法）農業労働時間女70歳以上常用雇用者,,Q12021414,
1,（法）農業労働時間男35歳未満うち７カ月以上雇用者,,Q12021501,
1,（法）農業労働時間男35～44歳うち７カ月以上雇用者,,Q12021502,
1,（法）農業労働時間男45～49歳うち７カ月以上雇用者,,Q12021503,
1,（法）農業労働時間男50～59歳うち７カ月以上雇用者,,Q12021504,
1,（法）農業労働時間男60～64歳うち７カ月以上雇用者,,Q12021505,
1,（法）農業労働時間男65～69歳うち７カ月以上雇用者,,Q12021506,
1,（法）農業労働時間男70歳以上うち７カ月以上雇用者,,Q12021507,
1,（法）農業労働時間女35歳未満うち７カ月以上雇用者,,Q12021508,
1,（法）農業労働時間女35～44歳うち７カ月以上雇用者,,Q12021509,
1,（法）農業労働時間女45～49歳うち７カ月以上雇用者,,Q12021510,
1,（法）農業労働時間女50～59歳うち７カ月以上雇用者,,Q12021511,
1,（法）農業労働時間女60～64歳うち７カ月以上雇用者,,Q12021512,
1,（法）農業労働時間女65～69歳うち７カ月以上雇用者,,Q12021513,
1,（法）農業労働時間女70歳以上うち７カ月以上雇用者,,Q12021514,
1,（個）農業生産関連事業収入金額,Q12010151,,
1,（個）農業生産関連事業収入割合,Q12010251,,
1,（個）農業生産関連事業収入が農業収入に含まれる,Q12010351,,
1,（個）農業生産関連事業支出合計,Q12020101,,
1,（個）農業生産関連事業支出自家農畜産物,Q12020104,,
1,（個）農業生産関連事業支出雇人費,Q12020105,,
1,（個）農業生産関連事業支出減価償却費,Q12020107,,
1,（個）農業生産関連事業支出経費割合,Q12020201,,
1,（個）農業生産関連事業支出自家農畜産物割合,Q12020304,,
1,（個）農業生産関連事業支出雇人費割合,Q12020305,,
1,（個）農業生産関連事業支出減価償却費割合,Q12020307,,
1,（法）農業生産関連事業農産加工収入金額,,Q13010101,
1,（法）農業生産関連事業観光農園収入金額,,Q13010102,
1,（法）農業生産関連事業貸し農園収入金額,,Q13010103,
1,（法）農業生産関連事業農家民宿収入金額,,Q13010104,
1,（法）農業生産関連事業農家レストラン収入金額,,Q13010105,
1,（法）農業生産関連事業その他収入金額,,Q13010106,
1,（法）農業生産関連事業農産加工売上高割合,,Q13010201,
1,（法）農業生産関連事業観光農園売上高割合,,Q13010202,
1,（法）農業生産関連事業貸し農園売上高割合,,Q13010203,
1,（法）農業生産関連事業農家民宿売上高割合,,Q13010204,
1,（法）農業生産関連事業農家レストラン売上高割合,,Q13010205,
1,（法）農業生産関連事業その他売上高割合,,Q13010206,
1,（法）農業生産関連事業売上原価支出金額,,Q13020101,
1,（法）農業生産関連事業製造原価支出金額,,Q13020151,
1,（法）農業生産関連事業材料費支出金額,,Q13020103,
1,（法）農業生産関連事業労務費支出金額,,Q13020105,
1,（法）農業生産関連事業減価償却費支出金額,,Q13020107,
1,（法）農業生産関連事業売上原価売上原価割合,,Q13020201,
1,（法）農業生産関連事業製造原価売上原価割合,,Q13020351,
1,（法）農業生産関連事業材料費売上原価割合,,Q13020303,
1,（法）農業生産関連事業労務費売上原価割合,,Q13020305,
1,（法）農業生産関連事業減価償却費売上原価割合,,Q13020307,
1,（法）農業生産関連事業に仕向けた「自家農畜産物」,,Q13025101,
1,（法）農業生産関連事業販売費及び一般管理費支出金額,,Q13020401,
1,（法）農業生産関連事業人件費支出金額,,Q13020402,
1,（法）農業生産関連事業減価償却費支出金額,,Q13020403,
1,（法）農業生産関連事業販売費及び一般管理費販管費割合,,Q13020501,
1,（法）農業生産関連事業人件費販管費割合,,Q13020602,
1,（法）農業生産関連事業減価償却費販管費割合,,Q13020603,
1,（個）従事者性別001,Q10010102_001,,
1,（個）従事者性別002,Q10010102_002,,
1,（個）従事者性別003,Q10010102_003,,
1,（個）従事者性別004,Q10010102_004,,
1,（個）従事者性別005,Q10010102_005,,
1,（個）従事者性別006,Q10010102_006,,
1,（個）従事者性別007,Q10010102_007,,
1,（個）従事者性別008,Q10010102_008,,
1,（個）従事者性別009,Q10010102_009,,
1,（個）従事者性別010,Q10010102_010,,
1,（個）従事者性別011,Q10010102_011,,
1,（個）従事者性別012,Q10010102_012,,
1,（個）従事者性別013,Q10010102_013,,
1,（個）従事者性別014,Q10010102_014,,
1,（個）従事者性別015,Q10010102_015,,
1,（個）従事者性別016,Q10010102_016,,
1,（個）従事者性別017,Q10010102_017,,
1,（個）従事者性別018,Q10010102_018,,
1,（個）従事者性別019,Q10010102_019,,
1,（個）従事者性別020,Q10010102_020,,
1,（個）従事者性別021,Q10010102_021,,
1,（個）従事者性別022,Q10010102_022,,
1,（個）従事者性別023,Q10010102_023,,
1,（個）従事者性別024,Q10010102_024,,
1,（個）従事者性別025,Q10010102_025,,
1,（個）従事者性別026,Q10010102_026,,
1,（個）従事者性別027,Q10010102_027,,
1,（個）従事者性別028,Q10010102_028,,
1,（個）従事者性別029,Q10010102_029,,
1,（個）従事者性別030,Q10010102_030,,
1,（個）従事者性別031,Q10010102_031,,
1,（個）従事者性別032,Q10010102_032,,
1,（個）従事者性別033,Q10010102_033,,
1,（個）従事者性別034,Q10010102_034,,
1,（個）従事者性別035,Q10010102_035,,
1,（個）従事者性別036,Q10010102_036,,
1,（個）従事者性別037,Q10010102_037,,
1,（個）従事者性別038,Q10010102_038,,
1,（個）従事者性別039,Q10010102_039,,
1,（個）従事者性別040,Q10010102_040,,
1,（個）従事者性別041,Q10010102_041,,
1,（個）従事者性別042,Q10010102_042,,
1,（個）従事者性別043,Q10010102_043,,
1,（個）従事者性別044,Q10010102_044,,
1,（個）従事者性別045,Q10010102_045,,
1,（個）従事者性別046,Q10010102_046,,
1,（個）従事者性別047,Q10010102_047,,
1,（個）従事者性別048,Q10010102_048,,
1,（個）従事者性別049,Q10010102_049,,
1,（個）従事者性別050,Q10010102_050,,
1,（個）従事者性別051,Q10010102_051,,
1,（個）従事者性別052,Q10010102_052,,
1,（個）従事者性別053,Q10010102_053,,
1,（個）従事者性別054,Q10010102_054,,
1,（個）従事者性別055,Q10010102_055,,
1,（個）従事者性別056,Q10010102_056,,
1,（個）従事者性別057,Q10010102_057,,
1,（個）従事者性別058,Q10010102_058,,
1,（個）従事者性別059,Q10010102_059,,
1,（個）従事者性別060,Q10010102_060,,
1,（個）従事者性別061,Q10010102_061,,
1,（個）従事者性別062,Q10010102_062,,
1,（個）従事者性別063,Q10010102_063,,
1,（個）従事者性別064,Q10010102_064,,
1,（個）従事者性別065,Q10010102_065,,
1,（個）従事者性別066,Q10010102_066,,
1,（個）従事者性別067,Q10010102_067,,
1,（個）従事者性別068,Q10010102_068,,
1,（個）従事者性別069,Q10010102_069,,
1,（個）従事者性別070,Q10010102_070,,
1,（個）従事者性別071,Q10010102_071,,
1,（個）従事者性別072,Q10010102_072,,
1,（個）従事者性別073,Q10010102_073,,
1,（個）従事者性別074,Q10010102_074,,
1,（個）従事者性別075,Q10010102_075,,
1,（個）従事者性別076,Q10010102_076,,
1,（個）従事者性別077,Q10010102_077,,
1,（個）従事者性別078,Q10010102_078,,
1,（個）従事者性別079,Q10010102_079,,
1,（個）従事者性別080,Q10010102_080,,
1,（個）従事者性別081,Q10010102_081,,
1,（個）従事者性別082,Q10010102_082,,
1,（個）従事者性別083,Q10010102_083,,
1,（個）従事者性別084,Q10010102_084,,
1,（個）従事者性別085,Q10010102_085,,
1,（個）従事者性別086,Q10010102_086,,
1,（個）従事者性別087,Q10010102_087,,
1,（個）従事者性別088,Q10010102_088,,
1,（個）従事者性別089,Q10010102_089,,
1,（個）従事者性別090,Q10010102_090,,
1,（個）従事者性別091,Q10010102_091,,
1,（個）従事者性別092,Q10010102_092,,
1,（個）従事者性別093,Q10010102_093,,
1,（個）従事者性別094,Q10010102_094,,
1,（個）従事者性別095,Q10010102_095,,
1,（個）従事者性別096,Q10010102_096,,
1,（個）従事者性別097,Q10010102_097,,
1,（個）従事者性別098,Q10010102_098,,
1,（個）従事者性別099,Q10010102_099,,
1,（個）従事者性別100,Q10010102_100,,
1,（個）従事者年齢001,Q10010202_001,,
1,（個）従事者年齢002,Q10010202_002,,
1,（個）従事者年齢003,Q10010202_003,,
1,（個）従事者年齢004,Q10010202_004,,
1,（個）従事者年齢005,Q10010202_005,,
1,（個）従事者年齢006,Q10010202_006,,
1,（個）従事者年齢007,Q10010202_007,,
1,（個）従事者年齢008,Q10010202_008,,
1,（個）従事者年齢009,Q10010202_009,,
1,（個）従事者年齢010,Q10010202_010,,
1,（個）従事者年齢011,Q10010202_011,,
1,（個）従事者年齢012,Q10010202_012,,
1,（個）従事者年齢013,Q10010202_013,,
1,（個）従事者年齢014,Q10010202_014,,
1,（個）従事者年齢015,Q10010202_015,,
1,（個）従事者年齢016,Q10010202_016,,
1,（個）従事者年齢017,Q10010202_017,,
1,（個）従事者年齢018,Q10010202_018,,
1,（個）従事者年齢019,Q10010202_019,,
1,（個）従事者年齢020,Q10010202_020,,
1,（個）従事者年齢021,Q10010202_021,,
1,（個）従事者年齢022,Q10010202_022,,
1,（個）従事者年齢023,Q10010202_023,,
1,（個）従事者年齢024,Q10010202_024,,
1,（個）従事者年齢025,Q10010202_025,,
1,（個）従事者年齢026,Q10010202_026,,
1,（個）従事者年齢027,Q10010202_027,,
1,（個）従事者年齢028,Q10010202_028,,
1,（個）従事者年齢029,Q10010202_029,,
1,（個）従事者年齢030,Q10010202_030,,
1,（個）従事者年齢031,Q10010202_031,,
1,（個）従事者年齢032,Q10010202_032,,
1,（個）従事者年齢033,Q10010202_033,,
1,（個）従事者年齢034,Q10010202_034,,
1,（個）従事者年齢035,Q10010202_035,,
1,（個）従事者年齢036,Q10010202_036,,
1,（個）従事者年齢037,Q10010202_037,,
1,（個）従事者年齢038,Q10010202_038,,
1,（個）従事者年齢039,Q10010202_039,,
1,（個）従事者年齢040,Q10010202_040,,
1,（個）従事者年齢041,Q10010202_041,,
1,（個）従事者年齢042,Q10010202_042,,
1,（個）従事者年齢043,Q10010202_043,,
1,（個）従事者年齢044,Q10010202_044,,
1,（個）従事者年齢045,Q10010202_045,,
1,（個）従事者年齢046,Q10010202_046,,
1,（個）従事者年齢047,Q10010202_047,,
1,（個）従事者年齢048,Q10010202_048,,
1,（個）従事者年齢049,Q10010202_049,,
1,（個）従事者年齢050,Q10010202_050,,
1,（個）従事者年齢051,Q10010202_051,,
1,（個）従事者年齢052,Q10010202_052,,
1,（個）従事者年齢053,Q10010202_053,,
1,（個）従事者年齢054,Q10010202_054,,
1,（個）従事者年齢055,Q10010202_055,,
1,（個）従事者年齢056,Q10010202_056,,
1,（個）従事者年齢057,Q10010202_057,,
1,（個）従事者年齢058,Q10010202_058,,
1,（個）従事者年齢059,Q10010202_059,,
1,（個）従事者年齢060,Q10010202_060,,
1,（個）従事者年齢061,Q10010202_061,,
1,（個）従事者年齢062,Q10010202_062,,
1,（個）従事者年齢063,Q10010202_063,,
1,（個）従事者年齢064,Q10010202_064,,
1,（個）従事者年齢065,Q10010202_065,,
1,（個）従事者年齢066,Q10010202_066,,
1,（個）従事者年齢067,Q10010202_067,,
1,（個）従事者年齢068,Q10010202_068,,
1,（個）従事者年齢069,Q10010202_069,,
1,（個）従事者年齢070,Q10010202_070,,
1,（個）従事者年齢071,Q10010202_071,,
1,（個）従事者年齢072,Q10010202_072,,
1,（個）従事者年齢073,Q10010202_073,,
1,（個）従事者年齢074,Q10010202_074,,
1,（個）従事者年齢075,Q10010202_075,,
1,（個）従事者年齢076,Q10010202_076,,
1,（個）従事者年齢077,Q10010202_077,,
1,（個）従事者年齢078,Q10010202_078,,
1,（個）従事者年齢079,Q10010202_079,,
1,（個）従事者年齢080,Q10010202_080,,
1,（個）従事者年齢081,Q10010202_081,,
1,（個）従事者年齢082,Q10010202_082,,
1,（個）従事者年齢083,Q10010202_083,,
1,（個）従事者年齢084,Q10010202_084,,
1,（個）従事者年齢085,Q10010202_085,,
1,（個）従事者年齢086,Q10010202_086,,
1,（個）従事者年齢087,Q10010202_087,,
1,（個）従事者年齢088,Q10010202_088,,
1,（個）従事者年齢089,Q10010202_089,,
1,（個）従事者年齢090,Q10010202_090,,
1,（個）従事者年齢091,Q10010202_091,,
1,（個）従事者年齢092,Q10010202_092,,
1,（個）従事者年齢093,Q10010202_093,,
1,（個）従事者年齢094,Q10010202_094,,
1,（個）従事者年齢095,Q10010202_095,,
1,（個）従事者年齢096,Q10010202_096,,
1,（個）従事者年齢097,Q10010202_097,,
1,（個）従事者年齢098,Q10010202_098,,
1,（個）従事者年齢099,Q10010202_099,,
1,（個）従事者年齢100,Q10010202_100,,
1,（個）従事者家族・雇用の別001,Q10010302_001,,
1,（個）従事者家族・雇用の別002,Q10010302_002,,
1,（個）従事者家族・雇用の別003,Q10010302_003,,
1,（個）従事者家族・雇用の別004,Q10010302_004,,
1,（個）従事者家族・雇用の別005,Q10010302_005,,
1,（個）従事者家族・雇用の別006,Q10010302_006,,
1,（個）従事者家族・雇用の別007,Q10010302_007,,
1,（個）従事者家族・雇用の別008,Q10010302_008,,
1,（個）従事者家族・雇用の別009,Q10010302_009,,
1,（個）従事者家族・雇用の別010,Q10010302_010,,
1,（個）従事者家族・雇用の別011,Q10010302_011,,
1,（個）従事者家族・雇用の別012,Q10010302_012,,
1,（個）従事者家族・雇用の別013,Q10010302_013,,
1,（個）従事者家族・雇用の別014,Q10010302_014,,
1,（個）従事者家族・雇用の別015,Q10010302_015,,
1,（個）従事者家族・雇用の別016,Q10010302_016,,
1,（個）従事者家族・雇用の別017,Q10010302_017,,
1,（個）従事者家族・雇用の別018,Q10010302_018,,
1,（個）従事者家族・雇用の別019,Q10010302_019,,
1,（個）従事者家族・雇用の別020,Q10010302_020,,
1,（個）従事者家族・雇用の別021,Q10010302_021,,
1,（個）従事者家族・雇用の別022,Q10010302_022,,
1,（個）従事者家族・雇用の別023,Q10010302_023,,
1,（個）従事者家族・雇用の別024,Q10010302_024,,
1,（個）従事者家族・雇用の別025,Q10010302_025,,
1,（個）従事者家族・雇用の別026,Q10010302_026,,
1,（個）従事者家族・雇用の別027,Q10010302_027,,
1,（個）従事者家族・雇用の別028,Q10010302_028,,
1,（個）従事者家族・雇用の別029,Q10010302_029,,
1,（個）従事者家族・雇用の別030,Q10010302_030,,
1,（個）従事者家族・雇用の別031,Q10010302_031,,
1,（個）従事者家族・雇用の別032,Q10010302_032,,
1,（個）従事者家族・雇用の別033,Q10010302_033,,
1,（個）従事者家族・雇用の別034,Q10010302_034,,
1,（個）従事者家族・雇用の別035,Q10010302_035,,
1,（個）従事者家族・雇用の別036,Q10010302_036,,
1,（個）従事者家族・雇用の別037,Q10010302_037,,
1,（個）従事者家族・雇用の別038,Q10010302_038,,
1,（個）従事者家族・雇用の別039,Q10010302_039,,
1,（個）従事者家族・雇用の別040,Q10010302_040,,
1,（個）従事者家族・雇用の別041,Q10010302_041,,
1,（個）従事者家族・雇用の別042,Q10010302_042,,
1,（個）従事者家族・雇用の別043,Q10010302_043,,
1,（個）従事者家族・雇用の別044,Q10010302_044,,
1,（個）従事者家族・雇用の別045,Q10010302_045,,
1,（個）従事者家族・雇用の別046,Q10010302_046,,
1,（個）従事者家族・雇用の別047,Q10010302_047,,
1,（個）従事者家族・雇用の別048,Q10010302_048,,
1,（個）従事者家族・雇用の別049,Q10010302_049,,
1,（個）従事者家族・雇用の別050,Q10010302_050,,
1,（個）従事者家族・雇用の別051,Q10010302_051,,
1,（個）従事者家族・雇用の別052,Q10010302_052,,
1,（個）従事者家族・雇用の別053,Q10010302_053,,
1,（個）従事者家族・雇用の別054,Q10010302_054,,
1,（個）従事者家族・雇用の別055,Q10010302_055,,
1,（個）従事者家族・雇用の別056,Q10010302_056,,
1,（個）従事者家族・雇用の別057,Q10010302_057,,
1,（個）従事者家族・雇用の別058,Q10010302_058,,
1,（個）従事者家族・雇用の別059,Q10010302_059,,
1,（個）従事者家族・雇用の別060,Q10010302_060,,
1,（個）従事者家族・雇用の別061,Q10010302_061,,
1,（個）従事者家族・雇用の別062,Q10010302_062,,
1,（個）従事者家族・雇用の別063,Q10010302_063,,
1,（個）従事者家族・雇用の別064,Q10010302_064,,
1,（個）従事者家族・雇用の別065,Q10010302_065,,
1,（個）従事者家族・雇用の別066,Q10010302_066,,
1,（個）従事者家族・雇用の別067,Q10010302_067,,
1,（個）従事者家族・雇用の別068,Q10010302_068,,
1,（個）従事者家族・雇用の別069,Q10010302_069,,
1,（個）従事者家族・雇用の別070,Q10010302_070,,
1,（個）従事者家族・雇用の別071,Q10010302_071,,
1,（個）従事者家族・雇用の別072,Q10010302_072,,
1,（個）従事者家族・雇用の別073,Q10010302_073,,
1,（個）従事者家族・雇用の別074,Q10010302_074,,
1,（個）従事者家族・雇用の別075,Q10010302_075,,
1,（個）従事者家族・雇用の別076,Q10010302_076,,
1,（個）従事者家族・雇用の別077,Q10010302_077,,
1,（個）従事者家族・雇用の別078,Q10010302_078,,
1,（個）従事者家族・雇用の別079,Q10010302_079,,
1,（個）従事者家族・雇用の別080,Q10010302_080,,
1,（個）従事者家族・雇用の別081,Q10010302_081,,
1,（個）従事者家族・雇用の別082,Q10010302_082,,
1,（個）従事者家族・雇用の別083,Q10010302_083,,
1,（個）従事者家族・雇用の別084,Q10010302_084,,
1,（個）従事者家族・雇用の別085,Q10010302_085,,
1,（個）従事者家族・雇用の別086,Q10010302_086,,
1,（個）従事者家族・雇用の別087,Q10010302_087,,
1,（個）従事者家族・雇用の別088,Q10010302_088,,
1,（個）従事者家族・雇用の別089,Q10010302_089,,
1,（個）従事者家族・雇用の別090,Q10010302_090,,
1,（個）従事者家族・雇用の別091,Q10010302_091,,
1,（個）従事者家族・雇用の別092,Q10010302_092,,
1,（個）従事者家族・雇用の別093,Q10010302_093,,
1,（個）従事者家族・雇用の別094,Q10010302_094,,
1,（個）従事者家族・雇用の別095,Q10010302_095,,
1,（個）従事者家族・雇用の別096,Q10010302_096,,
1,（個）従事者家族・雇用の別097,Q10010302_097,,
1,（個）従事者家族・雇用の別098,Q10010302_098,,
1,（個）従事者家族・雇用の別099,Q10010302_099,,
1,（個）従事者家族・雇用の別100,Q10010302_100,,
1,（個）従事者農業労働時間001,Q10010402_001,,
1,（個）従事者農業労働時間002,Q10010402_002,,
1,（個）従事者農業労働時間003,Q10010402_003,,
1,（個）従事者農業労働時間004,Q10010402_004,,
1,（個）従事者農業労働時間005,Q10010402_005,,
1,（個）従事者農業労働時間006,Q10010402_006,,
1,（個）従事者農業労働時間007,Q10010402_007,,
1,（個）従事者農業労働時間008,Q10010402_008,,
1,（個）従事者農業労働時間009,Q10010402_009,,
1,（個）従事者農業労働時間010,Q10010402_010,,
1,（個）従事者農業労働時間011,Q10010402_011,,
1,（個）従事者農業労働時間012,Q10010402_012,,
1,（個）従事者農業労働時間013,Q10010402_013,,
1,（個）従事者農業労働時間014,Q10010402_014,,
1,（個）従事者農業労働時間015,Q10010402_015,,
1,（個）従事者農業労働時間016,Q10010402_016,,
1,（個）従事者農業労働時間017,Q10010402_017,,
1,（個）従事者農業労働時間018,Q10010402_018,,
1,（個）従事者農業労働時間019,Q10010402_019,,
1,（個）従事者農業労働時間020,Q10010402_020,,
1,（個）従事者農業労働時間021,Q10010402_021,,
1,（個）従事者農業労働時間022,Q10010402_022,,
1,（個）従事者農業労働時間023,Q10010402_023,,
1,（個）従事者農業労働時間024,Q10010402_024,,
1,（個）従事者農業労働時間025,Q10010402_025,,
1,（個）従事者農業労働時間026,Q10010402_026,,
1,（個）従事者農業労働時間027,Q10010402_027,,
1,（個）従事者農業労働時間028,Q10010402_028,,
1,（個）従事者農業労働時間029,Q10010402_029,,
1,（個）従事者農業労働時間030,Q10010402_030,,
1,（個）従事者農業労働時間031,Q10010402_031,,
1,（個）従事者農業労働時間032,Q10010402_032,,
1,（個）従事者農業労働時間033,Q10010402_033,,
1,（個）従事者農業労働時間034,Q10010402_034,,
1,（個）従事者農業労働時間035,Q10010402_035,,
1,（個）従事者農業労働時間036,Q10010402_036,,
1,（個）従事者農業労働時間037,Q10010402_037,,
1,（個）従事者農業労働時間038,Q10010402_038,,
1,（個）従事者農業労働時間039,Q10010402_039,,
1,（個）従事者農業労働時間040,Q10010402_040,,
1,（個）従事者農業労働時間041,Q10010402_041,,
1,（個）従事者農業労働時間042,Q10010402_042,,
1,（個）従事者農業労働時間043,Q10010402_043,,
1,（個）従事者農業労働時間044,Q10010402_044,,
1,（個）従事者農業労働時間045,Q10010402_045,,
1,（個）従事者農業労働時間046,Q10010402_046,,
1,（個）従事者農業労働時間047,Q10010402_047,,
1,（個）従事者農業労働時間048,Q10010402_048,,
1,（個）従事者農業労働時間049,Q10010402_049,,
1,（個）従事者農業労働時間050,Q10010402_050,,
1,（個）従事者農業労働時間051,Q10010402_051,,
1,（個）従事者農業労働時間052,Q10010402_052,,
1,（個）従事者農業労働時間053,Q10010402_053,,
1,（個）従事者農業労働時間054,Q10010402_054,,
1,（個）従事者農業労働時間055,Q10010402_055,,
1,（個）従事者農業労働時間056,Q10010402_056,,
1,（個）従事者農業労働時間057,Q10010402_057,,
1,（個）従事者農業労働時間058,Q10010402_058,,
1,（個）従事者農業労働時間059,Q10010402_059,,
1,（個）従事者農業労働時間060,Q10010402_060,,
1,（個）従事者農業労働時間061,Q10010402_061,,
1,（個）従事者農業労働時間062,Q10010402_062,,
1,（個）従事者農業労働時間063,Q10010402_063,,
1,（個）従事者農業労働時間064,Q10010402_064,,
1,（個）従事者農業労働時間065,Q10010402_065,,
1,（個）従事者農業労働時間066,Q10010402_066,,
1,（個）従事者農業労働時間067,Q10010402_067,,
1,（個）従事者農業労働時間068,Q10010402_068,,
1,（個）従事者農業労働時間069,Q10010402_069,,
1,（個）従事者農業労働時間070,Q10010402_070,,
1,（個）従事者農業労働時間071,Q10010402_071,,
1,（個）従事者農業労働時間072,Q10010402_072,,
1,（個）従事者農業労働時間073,Q10010402_073,,
1,（個）従事者農業労働時間074,Q10010402_074,,
1,（個）従事者農業労働時間075,Q10010402_075,,
1,（個）従事者農業労働時間076,Q10010402_076,,
1,（個）従事者農業労働時間077,Q10010402_077,,
1,（個）従事者農業労働時間078,Q10010402_078,,
1,（個）従事者農業労働時間079,Q10010402_079,,
1,（個）従事者農業労働時間080,Q10010402_080,,
1,（個）従事者農業労働時間081,Q10010402_081,,
1,（個）従事者農業労働時間082,Q10010402_082,,
1,（個）従事者農業労働時間083,Q10010402_083,,
1,（個）従事者農業労働時間084,Q10010402_084,,
1,（個）従事者農業労働時間085,Q10010402_085,,
1,（個）従事者農業労働時間086,Q10010402_086,,
1,（個）従事者農業労働時間087,Q10010402_087,,
1,（個）従事者農業労働時間088,Q10010402_088,,
1,（個）従事者農業労働時間089,Q10010402_089,,
1,（個）従事者農業労働時間090,Q10010402_090,,
1,（個）従事者農業労働時間091,Q10010402_091,,
1,（個）従事者農業労働時間092,Q10010402_092,,
1,（個）従事者農業労働時間093,Q10010402_093,,
1,（個）従事者農業労働時間094,Q10010402_094,,
1,（個）従事者農業労働時間095,Q10010402_095,,
1,（個）従事者農業労働時間096,Q10010402_096,,
1,（個）従事者農業労働時間097,Q10010402_097,,
1,（個）従事者農業労働時間098,Q10010402_098,,
1,（個）従事者農業労働時間099,Q10010402_099,,
1,（個）従事者農業労働時間100,Q10010402_100,,
1,（個）従事者農作業受託001労働時間,Q10010502_001,,
1,（個）従事者農作業受託002労働時間,Q10010502_002,,
1,（個）従事者農作業受託003労働時間,Q10010502_003,,
1,（個）従事者農作業受託004労働時間,Q10010502_004,,
1,（個）従事者農作業受託005労働時間,Q10010502_005,,
1,（個）従事者農作業受託006労働時間,Q10010502_006,,
1,（個）従事者農作業受託007労働時間,Q10010502_007,,
1,（個）従事者農作業受託008労働時間,Q10010502_008,,
1,（個）従事者農作業受託009労働時間,Q10010502_009,,
1,（個）従事者農作業受託010労働時間,Q10010502_010,,
1,（個）従事者農作業受託011労働時間,Q10010502_011,,
1,（個）従事者農作業受託012労働時間,Q10010502_012,,
1,（個）従事者農作業受託013労働時間,Q10010502_013,,
1,（個）従事者農作業受託014労働時間,Q10010502_014,,
1,（個）従事者農作業受託015労働時間,Q10010502_015,,
1,（個）従事者農作業受託016労働時間,Q10010502_016,,
1,（個）従事者農作業受託017労働時間,Q10010502_017,,
1,（個）従事者農作業受託018労働時間,Q10010502_018,,
1,（個）従事者農作業受託019労働時間,Q10010502_019,,
1,（個）従事者農作業受託020労働時間,Q10010502_020,,
1,（個）従事者農作業受託021労働時間,Q10010502_021,,
1,（個）従事者農作業受託022労働時間,Q10010502_022,,
1,（個）従事者農作業受託023労働時間,Q10010502_023,,
1,（個）従事者農作業受託024労働時間,Q10010502_024,,
1,（個）従事者農作業受託025労働時間,Q10010502_025,,
1,（個）従事者農作業受託026労働時間,Q10010502_026,,
1,（個）従事者農作業受託027労働時間,Q10010502_027,,
1,（個）従事者農作業受託028労働時間,Q10010502_028,,
1,（個）従事者農作業受託029労働時間,Q10010502_029,,
1,（個）従事者農作業受託030労働時間,Q10010502_030,,
1,（個）従事者農作業受託031労働時間,Q10010502_031,,
1,（個）従事者農作業受託032労働時間,Q10010502_032,,
1,（個）従事者農作業受託033労働時間,Q10010502_033,,
1,（個）従事者農作業受託034労働時間,Q10010502_034,,
1,（個）従事者農作業受託035労働時間,Q10010502_035,,
1,（個）従事者農作業受託036労働時間,Q10010502_036,,
1,（個）従事者農作業受託037労働時間,Q10010502_037,,
1,（個）従事者農作業受託038労働時間,Q10010502_038,,
1,（個）従事者農作業受託039労働時間,Q10010502_039,,
1,（個）従事者農作業受託040労働時間,Q10010502_040,,
1,（個）従事者農作業受託041労働時間,Q10010502_041,,
1,（個）従事者農作業受託042労働時間,Q10010502_042,,
1,（個）従事者農作業受託043労働時間,Q10010502_043,,
1,（個）従事者農作業受託044労働時間,Q10010502_044,,
1,（個）従事者農作業受託045労働時間,Q10010502_045,,
1,（個）従事者農作業受託046労働時間,Q10010502_046,,
1,（個）従事者農作業受託047労働時間,Q10010502_047,,
1,（個）従事者農作業受託048労働時間,Q10010502_048,,
1,（個）従事者農作業受託049労働時間,Q10010502_049,,
1,（個）従事者農作業受託050労働時間,Q10010502_050,,
1,（個）従事者農作業受託051労働時間,Q10010502_051,,
1,（個）従事者農作業受託052労働時間,Q10010502_052,,
1,（個）従事者農作業受託053労働時間,Q10010502_053,,
1,（個）従事者農作業受託054労働時間,Q10010502_054,,
1,（個）従事者農作業受託055労働時間,Q10010502_055,,
1,（個）従事者農作業受託056労働時間,Q10010502_056,,
1,（個）従事者農作業受託057労働時間,Q10010502_057,,
1,（個）従事者農作業受託058労働時間,Q10010502_058,,
1,（個）従事者農作業受託059労働時間,Q10010502_059,,
1,（個）従事者農作業受託060労働時間,Q10010502_060,,
1,（個）従事者農作業受託061労働時間,Q10010502_061,,
1,（個）従事者農作業受託062労働時間,Q10010502_062,,
1,（個）従事者農作業受託063労働時間,Q10010502_063,,
1,（個）従事者農作業受託064労働時間,Q10010502_064,,
1,（個）従事者農作業受託065労働時間,Q10010502_065,,
1,（個）従事者農作業受託066労働時間,Q10010502_066,,
1,（個）従事者農作業受託067労働時間,Q10010502_067,,
1,（個）従事者農作業受託068労働時間,Q10010502_068,,
1,（個）従事者農作業受託069労働時間,Q10010502_069,,
1,（個）従事者農作業受託070労働時間,Q10010502_070,,
1,（個）従事者農作業受託071労働時間,Q10010502_071,,
1,（個）従事者農作業受託072労働時間,Q10010502_072,,
1,（個）従事者農作業受託073労働時間,Q10010502_073,,
1,（個）従事者農作業受託074労働時間,Q10010502_074,,
1,（個）従事者農作業受託075労働時間,Q10010502_075,,
1,（個）従事者農作業受託076労働時間,Q10010502_076,,
1,（個）従事者農作業受託077労働時間,Q10010502_077,,
1,（個）従事者農作業受託078労働時間,Q10010502_078,,
1,（個）従事者農作業受託079労働時間,Q10010502_079,,
1,（個）従事者農作業受託080労働時間,Q10010502_080,,
1,（個）従事者農作業受託081労働時間,Q10010502_081,,
1,（個）従事者農作業受託082労働時間,Q10010502_082,,
1,（個）従事者農作業受託083労働時間,Q10010502_083,,
1,（個）従事者農作業受託084労働時間,Q10010502_084,,
1,（個）従事者農作業受託085労働時間,Q10010502_085,,
1,（個）従事者農作業受託086労働時間,Q10010502_086,,
1,（個）従事者農作業受託087労働時間,Q10010502_087,,
1,（個）従事者農作業受託088労働時間,Q10010502_088,,
1,（個）従事者農作業受託089労働時間,Q10010502_089,,
1,（個）従事者農作業受託090労働時間,Q10010502_090,,
1,（個）従事者農作業受託091労働時間,Q10010502_091,,
1,（個）従事者農作業受託092労働時間,Q10010502_092,,
1,（個）従事者農作業受託093労働時間,Q10010502_093,,
1,（個）従事者農作業受託094労働時間,Q10010502_094,,
1,（個）従事者農作業受託095労働時間,Q10010502_095,,
1,（個）従事者農作業受託096労働時間,Q10010502_096,,
1,（個）従事者農作業受託097労働時間,Q10010502_097,,
1,（個）従事者農作業受託098労働時間,Q10010502_098,,
1,（個）従事者農作業受託099労働時間,Q10010502_099,,
1,（個）従事者農作業受託100労働時間,Q10010502_100,,
1,（個）従事者農業生産関連事業労働時間001,Q10010602_001,,
1,（個）従事者農業生産関連事業労働時間002,Q10010602_002,,
1,（個）従事者農業生産関連事業労働時間003,Q10010602_003,,
1,（個）従事者農業生産関連事業労働時間004,Q10010602_004,,
1,（個）従事者農業生産関連事業労働時間005,Q10010602_005,,
1,（個）従事者農業生産関連事業労働時間006,Q10010602_006,,
1,（個）従事者農業生産関連事業労働時間007,Q10010602_007,,
1,（個）従事者農業生産関連事業労働時間008,Q10010602_008,,
1,（個）従事者農業生産関連事業労働時間009,Q10010602_009,,
1,（個）従事者農業生産関連事業労働時間010,Q10010602_010,,
1,（個）従事者農業生産関連事業労働時間011,Q10010602_011,,
1,（個）従事者農業生産関連事業労働時間012,Q10010602_012,,
1,（個）従事者農業生産関連事業労働時間013,Q10010602_013,,
1,（個）従事者農業生産関連事業労働時間014,Q10010602_014,,
1,（個）従事者農業生産関連事業労働時間015,Q10010602_015,,
1,（個）従事者農業生産関連事業労働時間016,Q10010602_016,,
1,（個）従事者農業生産関連事業労働時間017,Q10010602_017,,
1,（個）従事者農業生産関連事業労働時間018,Q10010602_018,,
1,（個）従事者農業生産関連事業労働時間019,Q10010602_019,,
1,（個）従事者農業生産関連事業労働時間020,Q10010602_020,,
1,（個）従事者農業生産関連事業労働時間021,Q10010602_021,,
1,（個）従事者農業生産関連事業労働時間022,Q10010602_022,,
1,（個）従事者農業生産関連事業労働時間023,Q10010602_023,,
1,（個）従事者農業生産関連事業労働時間024,Q10010602_024,,
1,（個）従事者農業生産関連事業労働時間025,Q10010602_025,,
1,（個）従事者農業生産関連事業労働時間026,Q10010602_026,,
1,（個）従事者農業生産関連事業労働時間027,Q10010602_027,,
1,（個）従事者農業生産関連事業労働時間028,Q10010602_028,,
1,（個）従事者農業生産関連事業労働時間029,Q10010602_029,,
1,（個）従事者農業生産関連事業労働時間030,Q10010602_030,,
1,（個）従事者農業生産関連事業労働時間031,Q10010602_031,,
1,（個）従事者農業生産関連事業労働時間032,Q10010602_032,,
1,（個）従事者農業生産関連事業労働時間033,Q10010602_033,,
1,（個）従事者農業生産関連事業労働時間034,Q10010602_034,,
1,（個）従事者農業生産関連事業労働時間035,Q10010602_035,,
1,（個）従事者農業生産関連事業労働時間036,Q10010602_036,,
1,（個）従事者農業生産関連事業労働時間037,Q10010602_037,,
1,（個）従事者農業生産関連事業労働時間038,Q10010602_038,,
1,（個）従事者農業生産関連事業労働時間039,Q10010602_039,,
1,（個）従事者農業生産関連事業労働時間040,Q10010602_040,,
1,（個）従事者農業生産関連事業労働時間041,Q10010602_041,,
1,（個）従事者農業生産関連事業労働時間042,Q10010602_042,,
1,（個）従事者農業生産関連事業労働時間043,Q10010602_043,,
1,（個）従事者農業生産関連事業労働時間044,Q10010602_044,,
1,（個）従事者農業生産関連事業労働時間045,Q10010602_045,,
1,（個）従事者農業生産関連事業労働時間046,Q10010602_046,,
1,（個）従事者農業生産関連事業労働時間047,Q10010602_047,,
1,（個）従事者農業生産関連事業労働時間048,Q10010602_048,,
1,（個）従事者農業生産関連事業労働時間049,Q10010602_049,,
1,（個）従事者農業生産関連事業労働時間050,Q10010602_050,,
1,（個）従事者農業生産関連事業労働時間051,Q10010602_051,,
1,（個）従事者農業生産関連事業労働時間052,Q10010602_052,,
1,（個）従事者農業生産関連事業労働時間053,Q10010602_053,,
1,（個）従事者農業生産関連事業労働時間054,Q10010602_054,,
1,（個）従事者農業生産関連事業労働時間055,Q10010602_055,,
1,（個）従事者農業生産関連事業労働時間056,Q10010602_056,,
1,（個）従事者農業生産関連事業労働時間057,Q10010602_057,,
1,（個）従事者農業生産関連事業労働時間058,Q10010602_058,,
1,（個）従事者農業生産関連事業労働時間059,Q10010602_059,,
1,（個）従事者農業生産関連事業労働時間060,Q10010602_060,,
1,（個）従事者農業生産関連事業労働時間061,Q10010602_061,,
1,（個）従事者農業生産関連事業労働時間062,Q10010602_062,,
1,（個）従事者農業生産関連事業労働時間063,Q10010602_063,,
1,（個）従事者農業生産関連事業労働時間064,Q10010602_064,,
1,（個）従事者農業生産関連事業労働時間065,Q10010602_065,,
1,（個）従事者農業生産関連事業労働時間066,Q10010602_066,,
1,（個）従事者農業生産関連事業労働時間067,Q10010602_067,,
1,（個）従事者農業生産関連事業労働時間068,Q10010602_068,,
1,（個）従事者農業生産関連事業労働時間069,Q10010602_069,,
1,（個）従事者農業生産関連事業労働時間070,Q10010602_070,,
1,（個）従事者農業生産関連事業労働時間071,Q10010602_071,,
1,（個）従事者農業生産関連事業労働時間072,Q10010602_072,,
1,（個）従事者農業生産関連事業労働時間073,Q10010602_073,,
1,（個）従事者農業生産関連事業労働時間074,Q10010602_074,,
1,（個）従事者農業生産関連事業労働時間075,Q10010602_075,,
1,（個）従事者農業生産関連事業労働時間076,Q10010602_076,,
1,（個）従事者農業生産関連事業労働時間077,Q10010602_077,,
1,（個）従事者農業生産関連事業労働時間078,Q10010602_078,,
1,（個）従事者農業生産関連事業労働時間079,Q10010602_079,,
1,（個）従事者農業生産関連事業労働時間080,Q10010602_080,,
1,（個）従事者農業生産関連事業労働時間081,Q10010602_081,,
1,（個）従事者農業生産関連事業労働時間082,Q10010602_082,,
1,（個）従事者農業生産関連事業労働時間083,Q10010602_083,,
1,（個）従事者農業生産関連事業労働時間084,Q10010602_084,,
1,（個）従事者農業生産関連事業労働時間085,Q10010602_085,,
1,（個）従事者農業生産関連事業労働時間086,Q10010602_086,,
1,（個）従事者農業生産関連事業労働時間087,Q10010602_087,,
1,（個）従事者農業生産関連事業労働時間088,Q10010602_088,,
1,（個）従事者農業生産関連事業労働時間089,Q10010602_089,,
1,（個）従事者農業生産関連事業労働時間090,Q10010602_090,,
1,（個）従事者農業生産関連事業労働時間091,Q10010602_091,,
1,（個）従事者農業生産関連事業労働時間092,Q10010602_092,,
1,（個）従事者農業生産関連事業労働時間093,Q10010602_093,,
1,（個）従事者農業生産関連事業労働時間094,Q10010602_094,,
1,（個）従事者農業生産関連事業労働時間095,Q10010602_095,,
1,（個）従事者農業生産関連事業労働時間096,Q10010602_096,,
1,（個）従事者農業生産関連事業労働時間097,Q10010602_097,,
1,（個）従事者農業生産関連事業労働時間098,Q10010602_098,,
1,（個）従事者農業生産関連事業労働時間099,Q10010602_099,,
1,（個）従事者農業生産関連事業労働時間100,Q10010602_100,,
2,（在）センサス番号,,,1
2,（在）調査年,,,2
2,（在）都道府県,,,3
2,（在）市区町村,,,4
2,（在）旧市区町村,,,5
2,（在）農業集落,,,6
2,（在）調査区,,,7
2,（在）客体番号,,,8
2,（在）階層,,,9
2,（在）集計倍率,,,10
2,（在）法人番号,,,11
2,（在）作付面積_前年産,,,12
2,（在）作付面積_本年産,,,13
2,（在）収穫量_玄米,,,14
2,（在）購入量（飯用等）_玄米,,,15
2,（在）販売量_玄米,,,16
2,（在）無償譲渡量_玄米,,,17
2,（在）自家消費量_飯用_玄米,,,18
2,（在）自家消費量_その他_玄米,,,19
2,（在）販売量_全体　（％）,,,20
2,（在）販売量_JA等　（％）,,,21
2,（在）販売量_卸・小売業者　（％）,,,22
2,（在）販売量_外食事業者　（％）,,,23
2,（在）販売量_直売所・一般消費者　（％）,,,24
2,（在）販売量_その他　（％）,,,25
2,（在）購入量_もみ,,,26
2,（在）購入量_苗箱数（箱）,,,27
2,（在）自家消費量_もみ,,,28
2,（在）自家消費量_苗箱数（箱）,,,29
2,（在）5月31日現在の在庫量（実績）_もみ,,,30
2,（在）5月31日現在の在庫量（実績）_玄米,,,31
2,（在）5月31日現在の在庫量（実績）_精米,,,32
2,（在）6月30日現在の見込み在庫量_もみ,,,33
2,（在）6月30日現在の見込み在庫量_玄米,,,34
2,（在）6月30日現在の見込み在庫量_精米,,,35
2,（在）6月末在庫量_もみ,,,36
2,（在）6月末在庫量_玄米,,,37
2,（在）6月末在庫量_精米,,,38
2,（在）販売量_全体_計算値,,,39
2,（在）販売量_JA等_計算値,,,40
2,（在）販売量_卸・小売業者_計算値,,,41
2,（在）販売量_外食事業者_計算値,,,42
2,（在）販売量_直売所・一般消費者_計算値,,,43
2,（在）販売量_その他_計算値,,,44
